time,x,y
0.0,5.0,2.0
0.02501250625312656,5.0,2.0
0.05002501250625312,5.0,2.0
0.07503751875937968,3.896144400103914,3.0
0.10005002501250625,3.7556976250962038,3.0
0.1250625312656328,3.6152508500884935,3.0
0.15007503751875936,3.474804075080783,3.0
0.17508754377188593,3.334357300073073,3.0
0.2001000500250125,3.1939105250653625,3.0
0.22511255627813906,3.0534637500576522,3.0
0.2501250625312656,3.2223161094534567,3.0
0.27513756878439216,3.5812778795566054,3.0
0.3001500750375187,3.9402396496597545,3.0
0.3251625812906453,3.84510969842462,3.15489030157538
0.35017508754377186,3.6592827164892796,3.3407172835107204
0.3751875937968984,3.47345573455394,3.52654426544606
0.400200100050025,3.2876287526186,3.7123712473814
0.42521260630315155,3.10180177068326,3.89819822931674
0.4502251125562781,2.945133752714502,4.0
0.4752376188094047,2.823793633585319,4.0
0.5002501250625312,2.7024535144561366,4.0
0.5252626313156578,2.5811133953269536,4.0
0.5502751375687843,2.4597732761977706,4.0
0.5752876438219109,2.3384331570685877,4.0
0.6003001500750375,2.217093037939405,4.0
0.625312656328164,2.095752918810222,4.0
0.6503251625812906,1.7559934144038611,3.5119868288077223
0.6753376688344171,1.6304245094878878,2.0
0.7003501750875437,3.2127594203864875,1.7872405796135122
0.7253626813406703,4.208854210490632,1.0
0.7503751875937968,3.9158204588344168,1.0841795411655832
0.7753876938469234,3.407969066037839,1.5920309339621612
0.80040020010005,3.2508319965215473,2.0
0.8254127063531765,3.661272164455419,2.338727835544581
0.8504252126063031,2.9612013101075063,2.9612013101075063
0.8754377188594297,2.761774273360526,2.761774273360526
0.9004502251125562,2.5623472366135465,2.5623472366135465
0.9254627313656828,2.3629201998665663,2.3629201998665663
0.9504752376188094,2.163493163119586,2.163493163119586
0.9754877438719359,2.86605104128451,2.0
1.0005002501250624,2.0892434862641887,2.0
1.025512756378189,1.870217715508036,2.129782284491964
1.0505252626313155,1.7235901302656316,2.276409869734368
1.075537768884442,1.5769625450232272,2.4230374549767726
1.1005502751375686,1.4303349597808228,2.569665040219177
1.1255627813906952,1.2837073745384184,2.7162926254615813
1.1505752876438218,1.137079789296014,2.8629202107039857
1.1755877938969483,0.9828026429863276,3.0
1.200600300150075,0.7186990796482748,3.0
1.2256128064032015,0.4545955163102221,3.0
1.250625312656328,0.19049195297216936,3.0
1.2756378189094546,0.43971727123026855,3.0
1.3006503251625812,0.8743568461511204,2.8743568461511204
1.3256628314157077,0.6795174418511021,2.679517441851102
1.3506753376688343,0.48467803755108385,2.4846780375510837
1.3756878439219609,0.2898386332510656,2.2898386332510654
1.4007003501750874,0.09499922895104729,2.094999228951047
1.425712856428214,0.2056626366640917,2.0
1.4507253626813406,0.6070159543475001,2.0
1.4757378689344671,0.920289748911088,2.0
1.5007503751875937,0.10086359867152199,1.899136401328478
1.5257628814407203,0.23371043746198983,1.7662895625380102
1.5507753876938468,0.36655727625245765,1.6334427237475424
1.5757878939469734,0.4994041150429255,1.5005958849570744
1.6008004002001,0.6322509538333934,1.3677490461666066
1.6258129064532265,0.7650977926238611,1.2349022073761389
1.650825412706353,0.897944631414329,1.1020553685856709
1.6758379189594796,1.122365299527516,1.0
1.7008504252126062,1.650298623651376,1.0
1.7258629314657328,2.0697323107093832,1.0
1.7508754377188593,2.276283442822173,1.0
1.775887943971986,2.482834574934963,1.0
1.8009004502251125,2.689385707047753,1.0
1.825912956478239,2.8959368391605427,1.0
1.8509254627313656,2.9590897416767397,1.0
1.8759379689844922,2.8766404545388373,1.0
1.9009504752376187,2.7941911674009345,1.0
1.9259629814907453,2.711741880263032,1.0
1.9509754877438719,2.62929259312513,1.0
1.9759879939969984,2.546843305987227,1.0
2.0010005002501248,2.4643940188493256,1.0
2.0260130065032516,2.3819447317114224,1.0
2.051025512756378,2.2994954445735205,1.0
2.0760380190095047,2.2170461574356173,1.0
2.101050525262631,2.1345968702977154,1.0
2.126063031515758,2.052147583159812,1.0
2.151075537768884,2.0277632498060094,1.0
2.176088044022011,2.1033055413151667,1.0
2.2011005502751373,2.1788478328243226,1.0
2.226113056528264,2.25439012433348,1.0
2.2511255627813904,2.3299324158426358,1.0
2.276138069034517,2.405474707351793,1.0
2.3011505752876436,2.481016998860949,1.0
2.3261630815407703,2.556559290370106,1.0
2.3511755877938967,2.632101581879262,1.0
2.3761880940470235,2.7076438733884194,1.0
2.40120060030015,2.7831861648975753,1.0
2.4262131065532766,2.8587284564067326,1.0
2.451225612806403,2.9342707479158885,1.0
2.4762381190595297,2.899070352931229,0.8990703529312293
2.501250625312656,2.122098357758606,0.12209835775860589
2.526263131565783,2.992555348863727,0.0
2.551275637818909,2.7834515794018277,0.21654842059817217
2.576288144072036,2.1221282715537675,1.0
2.6013006503251623,2.3230068833359923,1.0
2.626313156578289,2.523885495118221,1.0
2.6513256628314155,2.724764106900446,1.0
2.6763381690845423,2.925642718682674,1.0
2.7013506753376686,2.8541134325000286,1.0
2.7263631815907954,2.6224885274394634,1.0
2.7513756878439217,2.3908636223789026,1.0
2.7763881940970485,2.159238717318338,1.0
2.801400700350175,1.9748353496027709,1.0
2.8264132066033016,1.8943122561654224,1.0
2.851425712856428,1.8137891627280753,1.0
2.8764382191095548,1.7332660692907267,1.0
2.901450725362681,1.6527429758533794,1.0
2.926463231615808,1.572219882416031,1.0
2.9514757378689342,1.4916967889786839,1.0
2.976488244122061,1.411173695541335,1.0
3.0015007503751874,1.330650602103988,1.0
3.026513256628314,1.2501275086666395,1.0
3.0515257628814405,1.1696044152292924,1.0
3.0765382691345673,1.0890813217919435,1.0
3.1015507753876936,1.0085582283545964,1.0
3.1265632816408204,1.2187412063197525,1.0
3.1515757878939468,1.4634956232818288,1.0
3.1765882941470736,1.7082500402439096,1.0
3.2016008004002,1.953004457205986,1.0
3.2266133066533262,3.0885750753434986,0.0
3.251625812906453,3.283234951438063,0.0
3.2766383191595794,3.477894827532624,0.0
3.301650825412706,3.6725547036271884,0.0
3.3266633316658325,3.8672145797217494,0.0
3.3516758379189593,3.9869407884979307,0.0
3.3766883441720856,3.9458559101042967,0.0
3.4017008504252124,3.9047710317106623,0.0
3.4267133566783388,3.863686153317029,0.0
3.4517258629314655,3.8226012749233944,0.0
3.476738369184592,3.781516396529761,0.0
3.5017508754377187,3.7404315181361265,0.0
3.526763381690845,3.699346639742493,0.0
3.551775887943972,3.658261761348858,0.0
3.576788394197098,3.6171768829552247,0.0
3.601800900450225,3.5760920045615903,0.0
3.6268134067033513,3.5350071261679568,0.0
3.651825912956478,3.4939222477743224,0.0
3.6768384192096044,3.452837369380689,0.0
3.701850925462731,3.4117524909870545,0.0
3.7268634317158575,3.3706676125934205,0.0
3.7518759379689843,3.3295827341997866,0.0
3.7768884442221107,3.2884978558061526,0.0
3.8019009504752375,3.247412977412518,0.0
3.826913456728364,3.2063280990188847,0.0
3.8519259629814906,3.1652432206252503,0.0
3.876938469234617,3.124158342231617,0.0
3.9019509754877437,3.083073463837982,0.0
3.92696348174087,3.0419885854443485,0.0
3.951975987993997,3.000903707050714,0.0
3.976988494247123,3.3678174186260583,0.6321825813739416
4.0020010005002495,2.88236137989229,1.11763862010771
4.027013506753376,2.7240780522103694,1.2759219477896306
4.052026013006503,2.5657947245284487,1.4342052754715513
4.07703851925963,2.407511396846528,1.592488603153472
4.102051025512756,2.249228069164613,1.7507719308353868
4.127063531765883,2.0909447414826925,1.9090552585173075
4.152076038019009,1.9162404445552974,2.0
4.177088544272136,1.7193586579118796,2.0
4.202101050525262,1.5224768712684686,2.0
4.227113556778389,1.3255950846250508,2.0
4.252126063031516,1.128713297981633,2.0
4.277138569284642,0.9762168375712076,1.9762168375712075
4.302151075537768,0.9075271599366779,1.9075271599366779
4.327163581790895,0.8388374823021458,1.8388374823021458
4.352176088044022,0.7701478046676138,1.7701478046676138
4.377188594297149,0.7014581270330817,1.7014581270330817
4.402201100550275,0.632768449398552,1.6327684493985521
4.427213606803401,0.56407877176402,1.56407877176402
4.452226113056528,0.49538909412948795,1.495389094129488
4.477238619309655,0.4266994164949558,1.4266994164949558
4.502251125562781,0.3580097388604262,1.3580097388604262
4.527263631815908,0.28932006122589415,1.2893200612258942
4.552276138069034,0.220630383591362,1.2206303835913621
4.577288644322161,0.15194070595682996,1.15194070595683
4.602301150575287,0.08325102832230036,1.0832510283223002
4.627313656828414,0.014561350687768204,1.0145613506877682
4.652326163081541,1.025530603252158,0.0
4.6773386693346675,1.3095759098629487,0.0
4.702351175587793,1.593621216473729,0.0
4.72736368184092,1.8776665230845193,0.0
4.752376188094047,1.9708856651763482,0.0
4.777388694347174,1.9197466101218423,0.0
4.8024012006003,1.868607555067338,0.0
4.827413706853426,1.817468500012832,0.0
4.852426213106553,1.766329444958326,0.0
4.877438719359679,1.7151903899038217,0.0
4.902451225612806,1.6640513348493156,0.0
4.927463731865933,1.6129122797948097,0.0
4.9524762381190595,1.5617732247403036,0.0
4.977488744372185,1.5106341696857992,0.0
5.002501250625312,1.4594951146312933,0.0
5.027513756878439,1.4083560595767872,0.0
5.052526263131566,1.3572170045222811,0.0
5.077538769384692,1.306077949467777,0.0
5.102551275637818,1.2549388944132709,0.0
5.127563781890945,1.2037998393587648,0.0
5.152576288144072,1.152660784304259,0.0
5.177588794397198,1.1015217292497543,0.0
5.202601300650325,1.0503826741952484,0.0
5.2276138069034515,1.033570676527676,0.0
5.252626313156578,1.9066659197405407,0.09333408025945923
5.277638819409704,1.7441217992471456,0.25587820075285433
5.302651325662831,1.5815776787537448,0.4184223212462552
5.327663831915958,1.419033558260344,0.5809664417396562
5.3526763381690845,1.2564894377669429,0.743510562233057
5.37768884442221,1.093945317273548,0.9060546827264521
5.402701350675337,1.4087495466191124,1.0
5.427713856928464,1.8609603782229824,1.0
5.452726363181591,1.5040246130320178,1.0
5.477738869434717,1.147088847841066,1.0
5.5027513756878434,0.9647260493424848,0.9647260493424848
5.52776388194097,0.9047273858965261,0.9047273858965261
5.552776388194097,0.8447287224505674,0.8447287224505674
5.577788894447223,0.7847300590046108,0.7847300590046108
5.60280140070035,0.7247313955586521,0.7247313955586521
5.6278139069534765,0.6647327321126932,0.6647327321126932
5.652826413206603,0.6047340686667345,0.6047340686667345
5.677838919459729,0.5447354052207779,0.5447354052207779
5.702851425712856,0.4847367417748192,0.4847367417748192
5.727863931965983,0.42473807832886046,0.42473807832886046
5.7528764382191095,0.36473941488290174,0.36473941488290174
5.777888944472235,0.3047407514369451,0.3047407514369451
5.802901450725362,0.2447420879909863,0.2447420879909863
5.827913956978489,0.18474342454502757,0.18474342454502757
5.852926463231616,0.12474476109906885,0.12474476109906885
5.877938969484742,0.06474609765311223,0.06474609765311223
5.9029514757378685,0.004747434207153511,0.004747434207153511
5.927963981990995,0.3119089086402026,0.0
5.952976488244122,0.6506184340774416,0.0
5.977988994497248,0.9893279595146686,0.0
6.003001500750375,0.8916666734882526,0.10833332651174746
6.0280140070035015,0.7798089398600028,0.22019106013999717
6.053026513256628,0.6679512062317532,0.33204879376824686
6.078039019509754,0.5560934726035074,0.4439065273964926
6.103051525762881,0.4442357389752577,0.5557642610247423
6.128064032016008,0.332378005347008,0.667621994652992
6.153076538269135,0.22052027171875832,0.7794797282812417
6.1780890445222605,0.10866253809051263,0.8913374619094874
6.203101550775387,0.0017467525363704217,1.0
6.228114057028514,0.06289724477390371,1.0
6.253126563281641,0.12404773701143701,1.0
6.278139069534767,0.18519822924896814,1.0
6.3031515757878935,0.24634872148650142,1.0
6.32816408204102,0.3074992137240347,1.0
6.353176588294147,0.36864970596156804,1.0
6.378189094547273,0.42980019819909915,1.0
6.4032016008004,0.4909506904366324,1.0
6.428214107053527,0.5521011826741657,1.0
6.4532266133066525,0.6132516749116969,1.0
6.478239119559779,0.6744021671492302,1.0
6.503251625812906,0.7355526593867634,1.0
6.528264132066033,0.7967031516242967,1.0
6.553276638319159,0.8578536438618278,1.0
6.5782891445722855,0.9190041360993612,1.0
6.603301650825412,0.9801546283368945,1.0
6.628314157078539,0.5034457589399546,0.5034457589399546
6.653326663331665,0.019614511528440157,0.0
6.678339169584792,0.08185144189817255,0.0
6.703351675837919,0.14408837226790494,0.0
6.728364182091045,0.20632530263763735,0.0
6.753376688344171,0.26856223300736753,0.0
6.778389194597298,0.3307991633770999,0.0
6.803401700850425,0.3930360937468323,0.0
6.828414207103552,0.4552730241165647,0.0
6.8534267133566775,0.5175099544862949,0.0
6.878439219609804,0.5797468848560273,0.0
6.903451725862931,0.6419838152257596,0.0
6.928464232116058,0.7042207455954921,0.0
6.953476738369184,0.7664576759652223,0.0
6.978489244622311,0.8286946063349546,0.0
7.003501750875437,0.890931536704687,0.0
7.028514257128564,0.9531684670744194,0.0
7.05352676338169,1.1609608892382335,0.0
7.078539269634817,1.8112337362769544,0.0
7.103551775887944,2.3454855479107737,0.0
7.12856428214107,2.832282224215176,0.0
7.153576788394196,2.28331768433344,0.0
7.178589294647323,2.6418388094132523,0.0
7.20360180090045,1.9457324418318978,0.0
7.228614307153577,1.7822358317728615,0.0
7.253626813406703,1.618739221713831,0.0
7.278639319659829,1.455242611654795,0.0
7.303651825912956,1.2917460015957585,0.0
7.328664332166083,1.1282493915367224,0.0
7.353676838419209,1.0159395429603013,0.0
7.378689344672336,1.0898761924082636,0.0
7.403701850925462,1.1638128418562261,0.0
7.428714357178589,1.2377494913041884,0.0
7.453726863431715,1.3116861407521483,0.0
7.478739369684842,1.3856227902001108,0.0
7.503751875937969,1.459559439648073,0.0
7.5287643821910955,1.5334960890960354,0.0
7.553776888444221,1.6074327385439953,0.0
7.578789394697348,1.6813693879919578,0.0
7.603801900950475,1.75530603743992,0.0
7.628814407203602,1.8292426868878824,0.0
7.653826913456728,1.9031793363358425,0.0
7.678839419709854,1.9771159857838048,0.0
7.703851925962981,1.7217162482579904,0.0
7.728864432216108,1.3186936010194032,0.0
7.753876938469234,0.9793608694531302,0.0
7.778889444722361,0.8807230050086083,0.0
7.8039019509754874,0.7820851405640864,0.0
7.828914457228614,0.6834472761195645,0.0
7.85392696348174,0.5848094116750461,0.0
7.878939469734867,0.48617154723052425,0.0
7.903951975987994,0.3875336827860023,0.0
7.9289644822411205,0.28889581834148037,0.0
7.953976988494246,0.19025795389696198,0.0
7.978989494747373,0.09162008945244016,0.0
8.004002001000499,0.027942655349790135,0.0
8.029014507253626,0.4206887684303339,0.0
8.054027013506753,0.8134348815108777,0.0
8.07903951975988,1.0478131425021329,0.0
8.104052026013006,1.1388905277339338,0.0
8.129064532266133,1.2299679129657348,0.0
8.15407703851926,1.321045298197536,0.0
8.179089544772385,1.4121226834293306,0.0
8.204102051025512,1.5032000686611315,0.0
8.229114557278638,1.5942774538929325,0.0
8.254127063531765,1.6853548391247337,0.0
8.279139569784892,1.776432224356535,0.0
8.304152076038019,1.867509609588336,0.0
8.329164582291146,1.9585869948201369,0.0
8.354177088544272,1.825271942906444,0.0
8.379189594797397,1.5048456222703963,0.0
8.404202101050524,1.184419301634326,0.0
8.429214607303651,0.9707130731885384,0.0
8.454227113556778,0.9017144121649177,0.0
8.479239619809904,0.8327157511412968,0.0
8.504252126063031,0.763717090117676,0.0
8.529264632316158,0.6947184290940551,0.0
8.554277138569285,0.6257197680704344,0.0
8.57928964482241,0.5567211070468185,0.0
8.604302151075537,0.4877224460231977,0.0
8.629314657328663,0.41872378499957685,0.0
8.65432716358179,0.349725123975956,0.0
8.679339669834917,0.28072646295233517,0.0
8.704352176088044,0.21172780192871443,0.0
8.72936468234117,0.1427291409050936,0.0
8.754377188594297,0.07373047988147274,0.0
8.779389694847422,0.004731818857856895,0.0
8.80440220110055,0.1252954216093157,0.0
8.829414707353676,0.2598160551443221,0.0
8.854427213606803,0.39433668867932853,0.0
8.87943971985993,0.5288573222143349,0.0
8.904452226113056,0.6633779557493413,0.0
8.929464732366183,0.7978985892843478,0.0
8.95447723861931,0.9324192228193542,0.0
8.979489744872435,0.9323187838702922,0.06768121612970773
9.004502251125562,0.7963083325781275,0.20369166742187245
9.029514757378688,0.6602978812859628,0.33970211871403716
9.054527263631815,0.5242874299937981,0.4757125700062019
9.079539769884942,0.38827697870163336,0.6117230212983666
9.104552276138069,0.25226652740946864,0.7477334725905314
9.129564782391196,0.11625607611730393,0.8837439238826961
9.154577288644322,0.34128758819948773,1.0
9.179589794897447,0.6123787924245023,1.0
9.204602301150574,0.07377069141392367,1.0
9.229614807403701,0.11439769885280675,1.0
9.254627313656828,0.2469505572652887,1.0
9.279639819909955,0.37950341567777063,1.0
9.304652326163081,0.5120562740902526,1.0
9.329664832416208,0.6446091325027345,1.0
9.354677338669335,0.7771619909152165,1.0
9.37968984492246,0.909714849327689,1.0
9.404702351175587,1.1657696429045763,1.0
9.429714857428714,1.6856284471740768,1.0
9.45472736368184,1.7917054090575617,1.0
9.479739869934967,1.2647443629467607,1.0
9.504752376188094,0.9119805902631571,0.9119805902631571
9.52976488244122,0.7350932935690514,0.7350932935690514
9.554777388694347,0.5582059968749457,0.5582059968749457
9.579789894947472,0.38131870018085245,0.38131870018085245
9.6048024012006,0.2044314034867467,0.2044314034867467
9.629814907453726,0.027544106792640854,0.027544106792640854
9.654827413706853,0.24384815631679888,0.0
9.67983991995998,0.5326704400994033,0.0
9.704852426213106,0.8214927238820078,0.0
9.729864932466233,0.9856697960616758,0.0
9.754877438719358,0.9481510366819883,0.0
9.779889944972485,0.910632277302298,0.0
9.804902451225612,0.8731135179226078,0.0
9.829914957478739,0.8355947585429176,0.0
9.854927463731865,0.7980759991632274,0.0
9.879939969984992,0.7605572397835372,0.0
9.904952476238119,0.723038480403847,0.0
9.929964982491246,0.6855197210241568,0.0
9.95497748874437,0.6480009616444692,0.0
9.979989994997498,0.610482202264779,0.0
10.005002501250624,0.5729634428850887,0.0
10.030015007503751,0.5354446835053985,0.0
10.055027513756878,0.49792592412570835,0.0
10.080040020010005,0.46040716474601817,0.0
10.105052526263131,0.4228884053663279,0.0
10.130065032516258,0.3853696459866377,0.0
10.155077538769383,0.3478508866069502,0.0
10.18009004502251,0.3103321272272599,0.0
10.205102551275637,0.2728133678475697,0.0
10.230115057528764,0.23529460846787953,0.0
10.25512756378189,0.19777584908818935,0.0
10.280140070035017,0.16025708970849906,0.0
10.305152576288144,0.12273833032880888,0.0
10.33016508254127,0.0852195709491187,0.0
10.355177588794396,0.04770081156943107,0.0
10.380190095047523,0.010182052189740887,0.0
10.40520260130065,0.1597982282670417,0.0
10.430215107553776,0.3791162036908061,0.0
10.455227613806903,0.5984341791145705,0.0
10.48024012006003,0.817752154538335,0.0
10.505252626313156,0.9510307605010031,0.048969239498996876
10.530265132566283,0.6613140943889104,0.33868590561108963
10.555277638819408,0.37159742827683817,0.6284025717231618
10.580290145072535,0.08188076216474538,0.9181192378352546
10.605302651325662,0.03260680091435556,1.0
10.630315157578789,0.07805964844488159,1.0
10.655327663831915,0.1235124959754076,1.0
10.680340170085042,0.16896534350593362,1.0
10.705352676338169,0.21441819103645965,1.0
10.730365182591296,0.2598710385669857,1.0
10.75537768884442,0.30532388609750843,1.0
10.780390195097548,0.35077673362803446,1.0
10.805402701350674,0.3962295811585605,1.0
10.830415207603801,0.4416824286890865,1.0
10.855427713856928,0.48713527621961256,1.0
10.880440220110055,0.5325881237501385,1.0
10.905452726363182,0.5780409712806646,1.0
10.930465232616308,0.6234938188111906,1.0
10.955477738869433,0.6689466663417134,1.0
10.98049024512256,0.7143995138722394,1.0
11.005502751375687,0.7598523614027655,1.0
11.030515257628814,0.8053052089332915,1.0
11.05552776388194,0.8507580564638175,1.0
11.080540270135067,0.8962109039943436,1.0
11.105552776388194,0.9416637515248696,1.0
11.13056528264132,0.9871165990553955,1.0
11.155577788894446,0.4033004687951104,0.4033004687951104
11.180590295147573,0.018862208078199574,0.0
11.2056028014007,0.055438760398430376,0.0
11.230615307653826,0.09201531271866117,0.0
11.255627813906953,0.12859186503889197,0.0
11.28064032016008,0.16516841735912277,0.0
11.305652826413207,0.2017449696793536,0.0
11.330665332666332,0.2383215219995818,0.0
11.355677838919458,0.2748980743198126,0.0
11.380690345172585,0.3114746266400434,0.0
11.405702851425712,0.3480511789602742,0.0
11.430715357678839,0.384627731280505,0.0
11.455727863931966,0.4212042836007358,0.0
11.480740370185092,0.45778083592096663,0.0
11.505752876438219,0.4943573882411974,0.0
11.530765382691344,0.5309339405614256,0.0
11.55577788894447,0.5675104928816564,0.0
11.580790395197598,0.6040870452018873,0.0
11.605802901450724,0.640663597522118,0.0
11.630815407703851,0.6772401498423488,0.0
11.655827913956978,0.7138167021625796,0.0
11.680840420210105,0.7503932544828105,0.0
11.705852926463232,0.7869698068030412,0.0
11.730865432716357,0.8235463591232695,0.0
11.755877938969483,0.8601229114435003,0.0
11.78089044522261,0.896699463763731,0.0
11.805902951475737,0.9332760160839618,0.0
11.830915457728864,0.9698525684041926,0.0
11.85592796398199,0.9305483053800611,0.0
11.880940470235117,0.5354237384475109,0.0
11.905952976488244,0.14029917151496074,0.0
11.93096548274137,0.1562375203725278,0.0
11.955977988994496,0.39849470386341684,0.0
11.980990495247623,0.6407518873543059,0.0
12.00600300150075,0.8830090708451949,0.0
12.031015507753876,1.0333723624466684,0.0
12.056028014007003,1.0979124460918304,0.0
12.08104052026013,1.1624525297369923,0.0
12.106053026513257,1.2269926133821543,0.0
12.131065532766382,1.2915326970273115,0.0
12.156078039019508,1.3560727806724735,0.0
12.181090545272635,1.4206128643176354,0.0
12.206103051525762,1.4851529479627974,0.0
12.231115557778889,1.5496930316079593,0.0
12.256128064032016,1.6142331152531213,0.0
12.281140570285142,1.6787731988982832,0.0
12.30615307653827,1.7433132825434452,0.0
12.331165582791394,1.8078533661886027,0.0
12.356178089044521,1.8723934498337647,0.0
12.381190595297648,1.9369335334789266,0.0
12.406203101550775,2.004476517455036,0.0
12.431215607803901,2.2005347786304084,0.0
12.456228114057028,2.39659303980578,0.0
12.481240620310155,2.592651300981152,0.0
12.506253126563282,2.7887095621565243,0.0
12.531265632816407,2.9847678233318824,0.0
12.556278139069533,2.3212783853891796,0.6787216146108204
12.58129064532266,1.8455458120538886,1.1544541879461114
12.606303151575787,1.571408014071711,1.428591985928289
12.631315657828914,1.2972702160895335,1.7027297839104665
12.65632816408204,1.0231324181073558,1.9768675818926442
12.681340670335167,0.95770163742122,1.95770163742122
12.706353176588294,0.9115050978036976,1.9115050978036976
12.73136568284142,0.8653085581861784,1.8653085581861784
12.756378189094546,0.8191120185686558,1.8191120185686558
12.781390695347673,0.7729154789511333,1.7729154789511334
12.8064032016008,0.7267189393336109,1.7267189393336109
12.831415707853926,0.6805223997160884,1.6805223997160885
12.856428214107053,0.634325860098566,1.634325860098566
12.88144072036018,0.5881293204810434,1.5881293204810434
12.906453226613305,0.5419327808635241,1.5419327808635241
12.931465732866432,0.4957362412460017,1.4957362412460018
12.956478239119559,0.4495397016284792,1.4495397016284792
12.981490745372685,0.40334316201095677,1.4033431620109567
13.006503251625812,0.3571466223934343,1.3571466223934343
13.031515757878939,0.31095008277591174,1.3109500827759117
13.056528264132066,0.2647535431583893,1.2647535431583892
13.081540770385192,0.21855700354086682,1.2185570035408668
13.106553276638317,0.17236046392334758,1.1723604639233476
13.131565782891444,0.12616392430582513,1.1261639243058252
13.156578289144571,0.07996738468830267,1.0799673846883027
13.181590795397698,0.0337708450707801,1.03377084507078
13.206603301650825,0.1979369964460587,0.8020630035539413
13.231615807903951,0.9338318201676882,0.06616817983231182
13.256628314157078,1.0749074057671315,0.0
13.281640820410205,1.157215572338384,0.0
13.30665332666333,1.2395237389096303,0.0
13.331665832916457,1.3218319054808827,0.0
13.356678339169584,1.404140072052135,0.0
13.38169084542271,1.4864482386233875,0.0
13.406703351675837,1.5687564051946399,0.0
13.431715857928964,1.6510645717658923,0.0
13.45672836418209,1.7333727383371444,0.0
13.481740870435218,1.815680904908397,0.0
13.506753376688343,1.8979890714796435,0.0
13.53176588294147,1.9802972380508959,0.0
13.556778389194596,3.1855757849815682,0.0
13.581790895447723,3.4843308670495086,0.0
13.60680340170085,3.7830859491174484,0.0
13.631815907953976,3.9520357072380676,0.0479642927619323
13.656828414207103,3.7769453398163515,0.2230546601836485
13.68184092046023,3.6018549723946354,0.3981450276053647
13.706853426713355,3.4267646049729317,0.5732353950270684
13.731865932966482,3.2516742375512155,0.7483257624487846
13.756878439219609,3.0765838701294994,0.9234161298705008
13.781890945472735,1.834556999862533,1.0
13.806903451725862,1.1266454332001747,1.0
13.831915957978989,1.2580069174461346,1.0
13.856928464232116,1.5722280127835284,1.0
13.881940970485243,1.886449108120922,1.0
13.906953476738368,1.8618078358040733,1.0
13.931965982991494,1.6454184942259455,1.0
13.956978489244621,1.4290291526478178,1.0
13.981990995497748,1.2126398110696899,1.0
14.007003501750875,1.0089131736103114,1.0
14.032016008004002,1.5233017789480972,1.0
14.057028514257128,1.989666749374226,1.0
14.082041020510255,1.8486412204838631,1.0
14.10705352676338,1.7076156915935101,1.0
14.132066033016507,1.566590162703147,1.0
14.157078539269634,1.4255646338127843,1.0
14.18209104552276,1.2845391049224215,1.0
14.207103551775887,1.1435135760320585,1.0
14.232116058029014,1.0024880471416955,1.0
14.25712856428214,1.415944627879834,0.584055372120166
14.282141070535268,1.8393593629785756,0.1606406370214244
14.307153576788393,2.180588794207509,0.0
14.33216608304152,2.471576212756973,0.0
14.357178589294646,2.7625636313064375,0.0
14.382191095547773,3.367420786553957,0.0
14.4072036018009,3.1794601695484217,0.0
14.432216108054027,2.5814937474603745,0.0
14.457228614307153,2.089473204768457,0.0
14.482241120560278,1.7547331331480738,0.24526686685192617
14.507253626813405,1.4549514042330345,0.5450485957669654
14.532266133066532,1.1551696753179952,0.8448303246820047
14.557278639319659,1.0738815319471906,1.0
14.582291145572785,1.2270384288386214,1.0
14.607303651825912,1.380195325730052,1.0
14.632316158079039,1.5333522226214829,1.0
14.657328664332166,1.6865091195129134,1.0
14.68234117058529,1.8396660164043332,1.0
14.707353676838418,1.992822913295764,1.0
14.732366183091544,2.4569142754131197,1.0
14.757378689344671,2.9362927077999874,1.0
14.782391195597798,2.744099072419042,1.0
14.807403701850925,2.4489778247544582,1.0
14.832416208104052,2.1538565770898743,1.0
14.857428714357178,2.129599937481817,1.0
14.882441220610303,2.400351959847206,1.0
14.90745372686343,2.6711039822126144,1.0
14.932466233116557,2.941856004578023,1.0
14.957478739369684,2.896954658179484,0.8969546581794839
14.98249124562281,2.765728499438719,0.765728499438719
15.007503751875937,2.634502340697954,0.6345023406979542
15.032516258129064,2.5032761819571894,0.5032761819571892
15.057528764382191,2.372050023216424,0.3720500232164242
15.082541270635316,2.2408238644756686,0.24082386447566861
15.107553776888443,2.109597705734904,0.1095977057349038
15.13256628314157,2.061171836437983,0.0
15.157578789394696,2.4323192835854752,0.0
15.182591295647823,2.8034667307329677,0.0
15.20760380190095,2.9192134652421413,0.0807865347578587
15.232616308154077,2.747499366746668,0.252500633253332
15.257628814407203,2.575785268251195,0.4242147317488053
15.282641320660328,2.4040711697557335,0.5959288302442665
15.307653826913455,2.2323570712602603,0.7676429287397397
15.332666333166582,2.060642972764787,0.9393570272352131
15.357678839419709,1.9389255145392414,1.0
15.382691345672836,1.8445053838078964,1.0
15.407703851925962,1.7500852530765514,1.0
15.43271635817909,1.6556651223452066,1.0
15.457728864432216,1.5612449916138615,1.0
15.482741370685341,1.4668248608825234,1.0
15.507753876938468,1.3724047301511786,1.0
15.532766383191595,1.2779845994198333,1.0
15.557778889444721,1.1835644686884885,1.0
15.582791395697848,1.0891443379571437,1.0
15.607803901950975,0.9945427140959975,0.9945427140959975
15.632816408204102,0.8968744260210835,0.8968744260210835
15.657828914457228,0.7992061379461695,0.7992061379461695
15.682841420710353,0.7015378498712623,0.7015378498712623
15.70785392696348,0.6038695617963483,0.6038695617963483
15.732866433216607,0.5062012737214343,0.5062012737214343
15.757878939469734,0.4085329856465204,0.4085329856465204
15.78289144572286,0.3108646975716064,0.3108646975716064
15.807903951975987,0.21319640949669239,0.21319640949669239
15.832916458229114,0.11552812142177837,0.11552812142177837
15.857928964482241,0.017859833346864362,0.017859833346864362
15.882941470735366,0.06128512435028037,0.0
15.907953976988493,0.13628486216185481,0.0
15.93296648324162,0.21128459997342924,0.0
15.957978989494746,0.2862843377850037,0.0
15.982991495747873,0.3612840755965781,0.0
16.008004002000998,0.4362838134081472,0.0
16.033016508254125,0.5112835512197217,0.0
16.05802901450725,0.5862832890312961,0.0
16.08304152076038,0.6612830268428705,0.0
16.108054027013505,0.736282764654445,0.0
16.133066533266632,0.8112825024660194,0.0
16.15807903951976,0.8862822402775938,0.0
16.183091545772886,0.9612819780891683,0.0
16.208104052026012,0.984315670448575,0.0
16.23311655827914,0.9518938134634947,0.0
16.258129064532266,0.9194719564784143,0.0
16.283141570785393,0.8870500994933339,0.0
16.30815407703852,0.8546282425082535,0.0
16.333166583291646,0.8222063855231732,0.0
16.35817908954477,0.7897845285380974,0.0
16.383191595797896,0.7573626715530171,0.0
16.408204102051023,0.7249408145679366,0.0
16.43321660830415,0.6925189575828563,0.0
16.458229114557277,0.6600971005977758,0.0
16.483241620810404,0.6276752436126956,0.0
16.50825412706353,0.5952533866276151,0.0
16.533266633316657,0.5628315296425348,0.0
16.558279139569784,0.5304096726574543,0.0
16.58329164582291,0.49798781567237393,0.0
16.608304152076037,0.46556595868729356,0.0
16.633316658329164,0.4331441017022132,0.0
16.65832916458229,0.4007222447171328,0.0
16.683341670835418,0.3683003877320524,0.0
16.708354177088545,0.33587853074697205,0.0
16.73336668334167,0.30345667376189167,0.0
16.758379189594795,0.27103481677681596,0.0
16.78339169584792,0.23861295979173558,0.0
16.80840420210105,0.2061911028066552,0.0
16.833416708354175,0.17376924582157482,0.0
16.858429214607302,0.14134738883649434,0.0
16.88344172086043,0.10892553185141396,0.0
16.908454227113555,0.07650367486633358,0.0
16.933466733366682,0.044081817881253205,0.0
16.95847923961981,0.011659960896172827,0.0
16.983491745872936,0.5077882096658118,0.0
17.008504252126063,0.9730607547259809,0.0
17.03351675837919,0.9020326796148773,0.0
17.058529264632316,0.8310046045037738,0.0
17.083541770885443,0.7599765293926702,0.0
17.10855427713857,0.6889484542815667,0.0
17.133566783391696,0.617920379170463,0.0
17.15857928964482,0.5468923040593696,0.0
17.183591795897946,0.4758642289482662,0.0
17.208604302151073,0.40483615383716265,0.0
17.2336168084042,0.333808078726059,0.0
17.258629314657327,0.26278000361495546,0.0
17.283641820910454,0.19175192850385192,0.0
17.30865432716358,0.12072385339274838,0.0
17.333666833416707,0.04969577828164484,0.0
17.358679339669834,0.10917137826893232,0.0
17.38369184592296,0.47266870430277474,0.0
17.408704352176088,0.8361660303366171,0.0
17.433716858429214,0.8897304306252739,0.11026956937472607
17.45872936468234,0.6889790542122383,0.3110209457877618
17.483741870935468,0.4882276777992025,0.5117723222007975
17.508754377188595,0.28747630138616675,0.7125236986138332
17.53376688344172,0.08672492497313111,0.9132750750268689
17.558779389694845,0.03765615749914011,1.0
17.58379189594797,0.10395240151024508,1.0
17.6088044022011,0.17024864552135005,1.0
17.633816908454225,0.23654488953245503,1.0
17.658829414707352,0.30284113354356,1.0
17.68384192096048,0.369137377554665,1.0
17.708854427213605,0.43543362156577,1.0
17.733866933466732,0.5017298655768749,1.0
17.75887943971986,0.5680261095879799,1.0
17.783891945972986,0.634322353599085,1.0
17.808904452226113,0.7006185976101899,1.0
17.83391695847924,0.7669148416212949,1.0
17.858929464732366,0.8332110856323999,1.0
17.883941970985493,0.8995073296435049,1.0
17.90895447723862,0.9658035736546098,1.0
17.933966983491743,0.8260082730400347,1.1739917269599653
17.95897948974487,0.46666050020906535,1.5333394997909346
17.983991995997997,0.10731272737809605,1.892687272621904
18.009004502251123,0.2049220003325586,2.0
18.03401700850425,0.4970967028278167,2.0
18.059029514757377,0.7892714053230748,2.0
18.084042021010504,0.2718053564396027,1.2718053564396028
18.10905452726363,0.35087918669121165,1.0
18.134067033516757,0.7425068750844209,1.0
18.159079539769884,0.957114856812582,1.0
18.18409204602301,0.8319047017454192,1.0
18.209104552276138,0.7066945466782564,1.0
18.234117058529264,0.5814843916110936,1.0
18.25912956478239,0.45627423654393073,1.0
18.284142071035518,0.3310640814767678,1.0
18.309154577288645,0.20585392640960498,1.0
18.334167083541768,0.08064377134245992,1.0
18.359179589794895,0.03736795076335488,0.9626320492366451
18.38419209604802,0.1423539630573772,0.8576460369426229
18.40920460230115,0.24733997535139948,0.7526600246486005
18.434217108554275,0.3523259876454218,0.6476740123545782
18.459229614807402,0.4573119999394441,0.5426880000605558
18.48424212106053,0.5622980122334664,0.4377019877665336
18.509254627313656,0.6672840245274887,0.3327159754725113
18.534267133566782,0.7722700368215111,0.22772996317848893
18.55927963981991,0.8772560491155333,0.12274395088446666
18.584292146073036,0.9822420614095556,0.01775793859044439
18.609304652326163,2.362370367876171,0.0
18.63431715857929,2.985376421972752,0.0
18.659329664832416,1.870127222500736,0.0
18.684342171085543,1.718980262371159,0.0
18.70935467733867,1.567833302241582,0.0
18.734367183591793,1.4166863421120266,0.0
18.75937968984492,1.2655393819824496,0.0
18.784392196098047,1.1143924218528725,0.0
18.809404702351173,1.0407760976494878,0.0
18.8344172086043,1.2084610556067257,0.0
18.859429714857427,1.3761460135639634,0.0
18.884442221110554,1.543830971521201,0.0
18.90945472736368,1.711515929478439,0.0
18.934467233616807,1.8792008874356767,0.0
18.959479739869934,2.0332360803710188,0.0
18.98449224612306,2.152103314031263,0.0
19.009504752376188,2.2709705476915074,0.0
19.034517258629315,2.3898377813517517,0.0
19.05952976488244,2.508705015011996,0.0
19.084542271135568,2.62757224867224,0.0
19.109554777388695,2.7464394823324847,0.0
19.134567283641818,2.8653067159927117,0.0
19.159579789894945,2.9841739496529565,0.0
19.18459229614807,2.6363259801206316,0.0
19.2096048024012,2.2167954263442446,0.0
19.234617308654325,1.747455023089262,0.25254497691073785
19.259629814907452,1.2248503055014353,0.7751496944985649
19.28464232116058,0.973204380578762,1.026795619421238
19.309654827413706,0.9261739536503981,1.0738260463496019
19.334667333666832,0.8791435267220343,1.1208564732779658
19.35967983991996,0.8321130997936705,1.1678869002063295
19.384692346173086,0.7850826728653066,1.2149173271346934
19.409704852426213,0.7380522459369427,1.2619477540630573
19.43471735867934,0.6910218190085791,1.308978180991421
19.459729864932466,0.6439913920802152,1.3560086079197848
19.484742371185593,0.5969609651518513,1.4030390348481487
19.509754877438716,0.5499305382234942,1.4500694617765058
19.534767383691843,0.5029001112951303,1.4970998887048697
19.55977988994497,0.45586968436676656,1.5441303156332333
19.584792396198097,0.40883925743840266,1.5911607425615975
19.609804902451224,0.36180883051003887,1.6381911694899611
19.63481740870435,0.31477840358167497,1.685221596418325
19.659829914957477,0.2677479766533112,1.732252023346689
19.684842421210604,0.2207175497249474,1.7792824502750526
19.70985492746373,0.1736871227965835,1.8263128772034165
19.734867433716857,0.1266566958682197,1.8733433041317804
19.759879939969984,0.0796262689398558,1.920373731060144
19.78489244622311,0.032595842011492016,1.967404157988508
19.809904952476238,0.08827126652327921,1.9117287334767208
19.834917458729365,0.37587464230479106,1.6241253576952088
19.85992996498249,0.6634780180863029,1.336521981913697
19.884942471235618,0.9510813938678148,1.0489186061321853
19.90995497748874,1.4337146123411362,0.5662853876588639
19.934967483741868,1.956319329928963,0.04368067007103693
19.959979989994995,2.166082034075364,0.0
19.984992496248122,2.347311719584787,0.0
20.01000500250125,2.528541405094209,0.0
20.035017508754375,2.7097710906036316,0.0
20.060030015007502,2.891000776113054,0.0
20.08504252126063,2.932799770767806,0.0
20.110055027513756,2.764191179096812,0.0
20.135067533766883,2.5955825874258176,0.0
20.16008004002001,2.4269739957548233,0.0
20.185092546273136,2.258365404083829,0.0
20.210105052526263,2.0897568124128347,0.0
20.23511755877939,1.966360974276772,0.0
20.260130065032516,1.8944307172078947,0.0
20.285142571285643,1.8225004601390173,0.0
20.310155077538766,1.75057020307015,0.0
20.335167583791893,1.6786399460012726,0.0
20.36018009004502,1.606709688932395,0.0
20.385192596298147,1.5347794318635177,0.0
20.410205102551274,1.4628491747946404,0.0
20.4352176088044,1.3909189177257628,0.0
20.460230115057527,1.3189886606568852,0.0
20.485242621310654,1.247058403588008,0.0
20.51025512756378,1.1751281465191306,0.0
20.535267633816908,1.1031978894502532,0.0
20.560280140070034,1.0312676323813756,0.0
20.58529264632316,0.9616432047414306,0.0
20.610305152576288,0.8937918507156977,0.0
20.635317658829415,0.8259404966899646,0.0
20.66033016508254,0.7580891426642317,0.0
20.68534267133567,0.6902377886384987,0.0
20.71035517758879,0.6223864346127754,0.0
20.73536768384192,0.5545350805870424,0.0
20.760380190095045,0.4866837265613094,0.0
20.785392696348172,0.4188323725355765,0.0
20.8104052026013,0.3509810185098434,0.0
20.835417708854425,0.2831296644841105,0.0
20.860430215107552,0.21527831045837753,0.0
20.88544272136068,0.14742695643264458,0.0
20.910455227613806,0.07957560240691153,0.0
20.935467733866933,0.011724248381178581,0.0
20.96048024012006,0.041010241108323256,0.0
20.985492746373186,0.09058700720318223,0.0
21.010505252626313,0.1401637732980412,0.0
21.03551775887944,0.18974053939290017,0.0
21.060530265132567,0.23931730548775915,0.0
21.08554277138569,0.2888940715826111,0.0
21.110555277638817,0.33847083767747005,0.0
21.135567783891943,0.38804760377232905,0.0
21.16058029014507,0.437624369867188,0.0
21.185592796398197,0.487201135962047,0.0
21.210605302651324,0.536777902056906,0.0
21.23561780890445,0.586354668151765,0.0
21.260630315157577,0.6359314342466239,0.0
21.285642821410704,0.6855082003414829,0.0
21.31065532766383,0.7350849664363419,0.0
21.335667833916958,0.7846617325312009,0.0
21.360680340170084,0.8342384986260598,0.0
21.38569284642321,0.8838152647209188,0.0
21.410705352676338,0.9333920308157777,0.0
21.435717858929465,0.9829687969106368,0.0
21.46073036518259,0.9719818517295511,0.0
21.485742871435715,0.9293017117983302,0.0
21.51075537768884,0.8866215718671033,0.0
21.53576788394197,0.8439414319358763,0.0
21.560780390195095,0.8012612920046494,0.0
21.585792896448222,0.7585811520734225,0.0
21.61080540270135,0.7159010121421954,0.0
21.635817908954476,0.6732208722109685,0.0
21.660830415207602,0.6305407322797416,0.0
21.68584292146073,0.5878605923485145,0.0
21.710855427713856,0.5451804524172876,0.0
21.735867933966983,0.5025003124860608,0.0
21.76088044022011,0.45982017255483376,0.0
21.785892946473236,0.41714003262360677,0.0
21.810905452726363,0.3744598926923798,0.0
21.83591795897949,0.3317797527611529,0.0
21.860930465232617,0.2890996128299259,0.0
21.88594297148574,0.24641947289870503,0.0
21.910955477738867,0.20373933296747804,0.0
21.935967983991993,0.16105919303625105,0.0
21.96098049024512,0.11837905310502417,0.0
21.985992996498247,0.07569891317379718,0.0
22.011005502751374,0.03301877324257019,0.0
22.0360180090045,0.1288403639120122,0.0
22.061030515257627,0.6980067083600591,0.0
22.086043021510754,1.7923105026109463,0.0
22.11105552776388,1.9258991227307198,0.07410087726928015
22.136068034017008,1.8414009637725066,0.15859903622749347
22.161080540270135,1.7569028048142932,0.24309719518570674
22.18609304652326,1.67240464585608,0.32759535414392005
22.211105552776388,1.5879064868978667,0.4120935131021334
22.236118059029515,1.5034083279396533,0.49659167206034666
22.26113056528264,1.41891016898144,0.5810898310185599
22.286143071535765,1.3344120100232386,0.6655879899767613
22.31115557778889,1.2499138510650254,0.7500861489349746
22.33616808404202,1.1654156921068122,0.8345843078931878
22.361180590295145,1.080917533148599,0.9190824668514012
22.386193096548272,0.9971404351825508,1.0
22.4112056028014,0.9296583872546903,1.0
22.436218109054526,0.8621763393268298,1.0
22.461230615307652,0.7946942913989693,1.0
22.48624312156078,0.7272122434711088,1.0
22.511255627813906,0.6597301955432482,1.0
22.536268134067033,0.5922481476153878,1.0
22.56128064032016,0.5247660996875272,1.0
22.586293146573286,0.4572840517596667,1.0
22.611305652826413,0.3898020038318062,1.0
22.63631815907954,0.3223199559039457,1.0
22.661330665332663,0.25483790797609474,1.0
22.68634317158579,0.18735586004823424,1.0
22.711355677838917,0.11987381212037374,1.0
22.736368184092044,0.052391764192513235,1.0
22.76138069034517,0.01889541341657296,0.981104586583427
22.786393196598297,0.10339357237478626,0.8966064276252137
22.811405702851424,0.18789173133299955,0.8121082686670005
22.83641820910455,0.27238989029121286,0.7276101097087871
22.861430715357677,0.35688804924942613,0.6431119507505738
22.886443221610804,0.44138620820763946,0.5586137917923606
22.91145572786393,0.5258843671658527,0.47411563283414726
22.936468234117058,0.6103825261240661,0.38961747387593393
22.961480740370185,0.6948806850822794,0.3051193149177206
22.98649324662331,0.7793788440404926,0.22062115595950738
23.011505752876438,0.863877002998706,0.13612299700129404
23.036518259129565,0.9483751619569193,0.05162483804308071
23.061530765382688,1.8769792325096148,0.12302076749038525
23.086543271635815,1.4942336158725271,0.5057663841274728
23.11155577788894,1.1114879992354396,0.8885120007645603
23.13656828414207,0.8219770119989742,1.0
23.161580790395195,0.5707858418828589,1.0
23.186593296648322,0.3195946717667436,1.0
23.21160580290145,0.06840350165062825,1.0
23.236618309154576,0.051735283098132766,1.0
23.261630815407702,0.12283114206283194,1.0
23.28664332166083,0.19392700102753113,1.0
23.311655827913956,0.2650228599922303,1.0
23.336668334167083,0.33611871895692946,1.0
23.36168084042021,0.4072145779216287,1.0
23.386693346673336,0.47831043688632785,1.0
23.411705852926463,0.5494062958510271,1.0
23.43671835917959,0.6205021548157262,1.0
23.461730865432713,0.6915980137804153,1.0
23.48674337168584,0.7626938727451145,1.0
23.511755877938967,0.8337897317098136,1.0
23.536768384192094,0.9048855906745128,1.0
23.56178089044522,0.975981449639212,1.0
23.586793396698347,0.8895299543136854,1.0
23.611805902951474,0.7226987776629967,1.0
23.6368184092046,0.555867601012308,1.0
23.661830915457728,0.3890364243616192,1.0
23.686843421710854,0.22220524771093042,1.0
23.71185592796398,0.055374071060241725,1.0
23.736868434217108,0.1922579035684666,1.0
23.761880940470235,0.4800332957501119,1.0
23.78689344672336,0.7678086879317572,1.0
23.81190595297649,1.0368198171121004,1.0
23.836918459229615,1.2274470126665382,1.0
23.86193096548274,1.4180742082209492,1.0
23.886943471735865,1.608701403775387,1.0
23.911955977988992,1.799328599329825,1.0
23.93696848424212,1.989955794884263,1.0
23.961980990495245,1.1011062746149938,1.0
23.986993496748372,1.2308321586443236,1.0
24.0120060030015,1.3605580426736534,1.0
24.037018509254626,1.4902839267029833,1.0
24.062031015507753,1.6200098107323133,1.0
24.08704352176088,1.7497356947616431,1.0
24.112056028014006,1.879461578790973,1.0
24.137068534267133,1.9825646674224626,0.9825646674224627
24.16208104052026,1.7363798418394736,0.7363798418394736
24.187093546773387,1.4901950162564845,0.49019501625648454
24.212106053026513,1.2440101906734955,0.2440101906734954
24.237118559279637,1.000960726766111,0.0
24.262131065532763,1.1097221332528546,0.0
24.28714357178589,1.2184835397395986,0.0
24.312156078039017,1.3272449462263423,0.0
24.337168584292144,1.4360063527130862,0.0
24.36218109054527,1.54476775919983,0.0
24.387193596798397,1.6535291656865738,0.0
24.412206103051524,1.7622905721733177,0.0
24.43721860930465,1.8710519786600615,0.0
24.462231115557778,1.9798133851468054,0.0
24.487243621810904,2.4142065716162415,0.0
24.51225612806403,2.9228127842214455,0.0
24.537268634317158,3.637958471786841,0.0
24.562281140570285,3.1931041520777796,0.0
24.58729364682341,2.608403184995529,0.0
24.61230615307654,1.709369430188411,0.0
24.63731865932966,0.6503753328126987,0.0
24.66233116558279,0.1546184400433862,0.0
24.687343671835915,0.07392888952824998,0.0
24.712356178089042,0.18136549265975488,0.0
24.73736868434217,0.28880209579125976,0.0
24.762381190595296,0.3962386989227647,0.0
24.787393696848422,0.5036753020542696,0.0
24.81240620310155,0.6111119051857745,0.0
24.837418709354676,0.7185485083172793,0.0
24.862431215607803,0.8259851114487843,0.0
24.88744372186093,0.9334217145802892,0.0
24.912456228114056,0.9829864371779508,0.0
24.937468734367183,0.9382494166853572,0.0
24.96248124062031,0.8935123961927637,0.0
24.987493746873437,0.8487753757001701,0.0
25.012506253126563,0.8040383552075766,0.0
25.037518759379687,0.7593013347149895,0.0
25.062531265632813,0.7145643142223959,0.0
25.08754377188594,0.6698272937298024,0.0
25.112556278139067,0.6250902732372089,0.0
25.137568784392194,0.5803532527446154,0.0
25.16258129064532,0.5356162322520218,0.0
25.187593796898447,0.4908792117594283,0.0
25.212606303151574,0.44614219126683474,0.0
25.2376188094047,0.4014051707742412,0.0
25.262631315657828,0.35666815028164767,0.0
25.287643821910955,0.31193112978905413,0.0
25.31265632816408,0.2671941092964607,0.0
25.337668834417208,0.22245708880386716,0.0
25.362681340670335,0.17772006831127363,0.0
25.38769384692346,0.1329830478186801,0.0
25.41270635317659,0.08824602732608655,0.0
25.43771885942971,0.04350900683349934,0.0
25.46273136568284,0.009482546970142601,0.0
25.487743871935965,0.35493546191424485,0.0
25.512756378189092,0.7003883768583472,0.0
25.53776888444222,0.9875567393779223,0.0
25.562781390695346,0.8937862437332905,0.0
25.587793896948472,0.8000157480886587,0.0
25.6128064032016,0.7062452524440268,0.0
25.637818909454726,0.612474756799395,0.0
25.662831415707853,0.5187042611547632,0.0
25.68784392196098,0.4249337655101313,0.0
25.712856428214106,0.3311632698654995,0.0
25.737868934467233,0.23739277422086758,0.0
25.76288144072036,0.14362227857623577,0.0
25.787893946973487,0.04985178293160397,0.0
25.81290645322661,0.9775872451512735,0.0
25.837918959479737,0.8178478365025984,0.0
25.862931465732864,0.6581084278539234,0.0
25.88794397198599,0.49836901920524845,0.0
25.912956478239117,0.33862961055657337,0.0
25.937968984492244,0.1788902019078984,0.0
25.96298149074537,0.01915079325922331,0.0
25.987993996998497,0.22585964971351677,0.0
26.013006503251624,0.48248559899746585,0.0
26.03801900950475,0.7391115482814149,0.0
26.063031515757878,0.995737497565364,0.0
26.088044022011005,1.0299536697592082,0.0
26.11305652826413,1.0604132669491475,0.0
26.138069034517258,1.0908728641390866,0.0
26.163081540770385,1.1213324613290259,0.0
26.18809404702351,1.1517920585189652,0.0
26.213106553276635,1.1822516557089,0.0
26.23811905952976,1.2127112528988393,0.0
26.26313156578289,1.2431708500887786,0.0
26.288144072036015,1.2736304472787179,0.0
26.313156578289142,1.3040900444686572,0.0
26.33816908454227,1.3345496416585962,0.0
26.363181590795396,1.3650092388485355,0.0
26.388194097048522,1.3954688360384748,0.0
26.41320660330165,1.4259284332284141,0.0
26.438219109554776,1.4563880304183532,0.0
26.463231615807903,1.4868476276082925,0.0
26.48824412206103,1.5173072247982318,0.0
26.513256628314156,1.547766821988171,0.0
26.538269134567283,1.5782264191781104,0.0
26.56328164082041,1.6086860163680496,0.0
26.588294147073537,1.6391456135579887,0.0
26.61330665332666,1.6696052107479238,0.0
26.638319159579787,1.7000648079378629,0.0
26.663331665832914,1.7305244051278021,0.0
26.68834417208604,1.7609840023177414,0.0
26.713356678339167,1.7914435995076805,0.0
26.738369184592294,1.8219031966976198,0.0
26.76338169084542,1.852362793887559,0.0
26.788394197098548,1.8828223910774984,0.0
26.813406703351674,1.9132819882674377,0.0
26.8384192096048,1.943741585457377,0.0
26.863431715857928,1.9742011826473163,0.0
26.888444222111055,1.8238243823321671,0.0
26.91345672836418,0.9893267556718399,0.0
26.93846923461731,0.9518079962921498,0.0
26.963481740870435,0.9142892369124597,0.0
26.988494247123562,0.8767704775327696,0.0
27.013506753376685,0.8392517181530847,0.0
27.038519259629812,0.8017329587733947,0.0
27.06353176588294,0.7642141993937046,0.0
27.088544272136065,0.7266954400140144,0.0
27.113556778389192,0.6891766806343244,0.0
27.13856928464232,0.6516579212546343,0.0
27.163581790895446,0.6141391618749441,0.0
27.188594297148573,0.576620402495254,0.0
27.2136068034017,0.539101643115564,0.0
27.238619309654826,0.5015828837358738,0.0
27.263631815907953,0.4640641243561837,0.0
27.28864432216108,0.42654536497649354,0.0
27.313656828414207,0.38902660559680347,0.0
27.338669334667333,0.3515078462171133,0.0
27.36368184092046,0.3139890868374232,0.0
27.388694347173583,0.2764703274577385,0.0
27.41370685342671,0.2389515680780483,0.0
27.438719359679837,0.20143280869835822,0.0
27.463731865932964,0.16391404931866804,0.0
27.48874437218609,0.12639528993897797,0.0
27.513756878439217,0.0888765305592879,0.0
27.538769384692344,0.05135777117959772,0.0
27.56378189094547,0.013839011799907652,0.0
27.588794397198598,0.5402583645107972,0.0
27.613806903451724,1.041431153908597,0.0
27.63881940970485,1.1309312195866983,0.0
27.663831915957978,1.2204312852647996,0.0
27.688844422211105,1.309931350942901,0.0
27.71385692846423,1.3994314166210022,0.0
27.73886943471736,1.4889314822991035,0.0
27.763881940970485,1.5784315479772049,0.0
27.78889444722361,1.6679316136552935,0.0
27.813906953476735,1.7574316793333948,0.0
27.838919459729862,1.8469317450114962,0.0
27.86393196598299,1.9364318106895975,0.0
27.888944472236116,2.012718366215198,0.0
27.913956978489242,2.0566139407366104,0.0
27.93896948474237,2.100509515258023,0.0
27.963981990995496,2.1444050897794353,0.0
27.988994497248623,2.188300664300848,0.0
28.01400700350175,2.2321962388222603,0.0
28.039019509754876,2.2760918133436725,0.0
28.064032016008003,2.319987387865085,0.0
28.08904452226113,2.3638829623864974,0.0
28.114057028514257,2.40777853690791,0.0
28.139069534767383,2.4516741114293223,0.0
28.16408204102051,2.495569685950735,0.0
28.189094547273633,2.539465260472141,0.0
28.21410705352676,2.5833608349935533,0.0
28.239119559779887,2.627256409514966,0.0
28.264132066033014,2.671151984036378,0.0
28.28914457228614,2.715047558557791,0.0
28.314157078539267,2.758943133079203,0.0
28.339169584792394,2.802838707600616,0.0
28.36418209104552,2.846734282122028,0.0
28.389194597298648,2.8906298566434403,0.0
28.414207103551774,2.934525431164853,0.0
28.4392196098049,2.9784210056862657,0.0
28.464232116058028,2.816530256961488,0.18346974303851202
28.489244622311155,2.455654634306694,0.5443453656933062
28.51425712856428,2.0947790116519,0.9052209883481003
28.53926963481741,1.9142234628295818,1.0
28.564282141070535,1.7978948063168914,1.0
28.58929464732366,1.6815661498042171,1.0
28.614307153576785,1.5652374932915267,1.0
28.639319659829912,1.4489088367788363,1.0
28.66433216608304,1.3325801802661457,1.0
28.689344672336166,1.216251523753455,1.0
28.714357178589292,1.0999228672407644,1.0
28.73936968484242,0.9907739106044067,0.9907739106044067
28.764382191095546,0.9253544073750227,0.9253544073750227
28.789394697348673,0.8599349041456388,0.8599349041456388
28.8144072036018,0.7945154009162548,0.7945154009162548
28.839419709854926,0.7290958976868709,0.7290958976868709
28.864432216108053,0.6636763944574869,0.6636763944574869
28.88944472236118,0.598256891228103,0.598256891228103
28.914457228614307,0.532837387998719,0.532837387998719
28.939469734867433,0.4674178847693351,0.4674178847693351
28.964482241120557,0.4019983815399605,0.4019983815399605
28.989494747373683,0.33657887831057653,0.33657887831057653
29.01450725362681,0.2711593750811926,0.2711593750811926
29.039519759879937,0.20573987185180864,0.20573987185180864
29.064532266133064,0.1403203686224247,0.1403203686224247
29.08954477238619,0.07490086539304075,0.07490086539304075
29.114557278639317,0.009481362163656804,0.009481362163656804
29.139569784892444,0.16834011625501852,0.0
29.16458229114557,0.36521342253883154,0.0
29.189594797398698,0.5620867288226445,0.0
29.214607303651825,0.7589600351064575,0.0
29.23961980990495,0.9558333413902705,0.0
29.264632316158078,0.9338597200882957,0.06614027991170439
29.289644822411205,0.8485899837468567,0.15141001625314326
29.31465732866433,0.7633202474054178,0.23667975259458215
29.33966983491746,0.678050511063979,0.32194948893602104
29.36468234117058,0.5927807747225522,0.4072192252774478
29.38969484742371,0.5075110383811133,0.49248896161888667
29.414707353676835,0.42224130203967447,0.5777586979603255
29.439719859929962,0.3369715656982356,0.6630284343017644
29.46473236618309,0.25170182935679664,0.7482981706432034
29.489744872436216,0.16643209301535777,0.8335679069846422
29.514757378689342,0.08116235667391891,0.9188376433260811
29.53976988494247,0.0032272384615325755,0.9967727615384674
29.564782391195596,0.07022512884452548,0.9297748711554745
29.589794897448723,0.1372230192275184,0.8627769807724817
29.61480740370185,0.2042209096105113,0.7957790903894887
29.639819909954976,0.2712187999935042,0.7287812000064958
29.664832416208103,0.3382166903764971,0.6617833096235028
29.68984492246123,0.40521458075949,0.59478541924051
29.714857428714357,0.4722124711424829,0.5277875288575171
29.739869934967484,0.5392103615254759,0.46078963847452414
29.764882441220607,0.6062082519084592,0.3937917480915408
29.789894947473734,0.6732061422914521,0.32679385770854785
29.81490745372686,0.740204032674445,0.259795967325555
29.839919959979987,0.8072019230574379,0.19279807694256212
29.864932466233114,0.8741998134404309,0.12580018655956915
29.88994497248624,0.9411977038234237,0.058802296176576285
29.914957478739368,1.0912364709306472,0.0
29.939969984992494,1.8370824613967045,0.0
29.96498249124562,2.5736854772958306,0.0
29.989994997498748,2.968161470244804,0.0
30.015007503751875,2.892211806970814,0.0
30.040020010005,2.816262143696824,0.0
30.06503251625813,2.7403124804228343,0.0
30.090045022511255,2.6643628171488443,0.0
30.115057528764382,2.5884131538748543,0.0
30.14007003501751,2.5124634906008647,0.0
30.165082541270632,2.436513827326886,0.0
30.19009504752376,2.360564164052896,0.0
30.215107553776885,2.284614500778906,0.0
30.240120060030012,2.208664837504916,0.0
30.26513256628314,2.1327151742309263,0.0
30.290145072536266,2.0567655109569363,0.0
30.315157578789393,1.8922777162468598,0.0
30.34017008504252,1.4658074170675002,0.0
30.365182591295646,1.0393371178881408,0.0
30.390195097548773,1.3008917822760564,0.0
30.4152076038019,1.632357579085014,0.0
30.440220110055026,1.9638233758939714,0.0
30.465232616308153,2.93838902842239,0.0
30.49024512256128,2.7773559636066127,0.0
30.515257628814407,2.6163228987908353,0.0
30.54027013506753,2.455289833975081,0.0
30.565282641320657,2.2942567691593037,0.0
30.590295147573784,2.1332237043435263,0.0
30.61530765382691,1.9846811834322633,0.0
30.640320160080037,1.8959759439243344,0.0
30.665332666333164,1.8072707044164058,0.0
30.69034517258629,1.718565464908477,0.0
30.715357678839418,1.6298602254005483,0.0
30.740370185092544,1.5411549858926197,0.0
30.76538269134567,1.4524497463846908,0.0
30.790395197598798,1.3637445068767622,0.0
30.815407703851925,1.2750392673688333,0.0
30.84042021010505,1.1863340278609047,0.0
30.86543271635818,1.097628788352976,0.0
30.890445222611305,1.0089235488450472,0.0
30.915457728864432,0.962461921509865,0.0
30.940470235117555,0.9207252245877028,0.0
30.965482741370682,0.8789885276655347,0.0
30.99049524762381,0.8372518307433665,0.0
31.015507753876935,0.7955151338211984,0.0
31.040520260130062,0.7537784368990303,0.0
31.06553276638319,0.7120417399768622,0.0
31.090545272636316,0.6703050430546942,0.0
31.115557778889443,0.628568346132526,0.0
31.14057028514257,0.5868316492103579,0.0
31.165582791395696,0.5450949522881898,0.0
31.190595297648823,0.5033582553660216,0.0
31.21560780390195,0.46162155844385355,0.0
31.240620310155077,0.41988486152168547,0.0
31.265632816408203,0.3781481645995174,0.0
31.29064532266133,0.3364114676773492,0.0
31.315657828914457,0.2946747707551811,0.0
31.34067033516758,0.2529380738330189,0.0
31.365682841420707,0.21120137691085084,0.0
31.390695347673834,0.16946467998868275,0.0
31.41570785392696,0.12772798306651456,0.0
31.440720360180087,0.08599128614434648,0.0
31.465732866433214,0.0442545892221784,0.0
31.49074537268634,0.002517892300010316,0.0
31.515757878939468,0.13524807412290638,0.0
31.540770385192594,0.2791792299385393,0.0
31.56578289144572,0.4231103857541722,0.0
31.590795397698848,0.5670415415698051,0.0
31.615807903951975,0.710972697385438,0.0
31.6408204102051,0.8549038532010709,0.0
31.66583291645823,0.9988350090167037,0.0
31.690845422711355,1.0655176960531103,0.0
31.715857928964482,1.1315700252613372,0.0
31.740870435217605,1.1976223544695548,0.0
31.765882941470732,1.2636746836777817,0.0
31.79089544772386,1.3297270128860086,0.0
31.815907953976986,1.3957793420942355,0.0
31.840920460230112,1.4618316713024624,0.0
31.86593296648324,1.5278840005106895,0.0
31.890945472736366,1.5939363297189164,0.0
31.915957978989493,1.6599886589271433,0.0
31.94097048524262,1.7260409881353702,0.0
31.965982991495746,1.7920933173435971,0.0
31.990995497748873,1.858145646551824,0.0
32.016008004001996,1.9241979757600416,0.0
32.04102051025512,1.9902503049682685,0.0
32.06603301650825,1.927474537416556,0.0
32.09104552276138,1.842390139490811,0.0
32.1160580290145,1.7573057415650661,0.0
32.14107053526763,1.6722213436393212,0.0
32.16608304152076,1.5871369457135762,0.0
32.191095547773884,1.502052547787831,0.0
32.21610805402701,1.416968149862086,0.0
32.24112056028014,1.3318837519363411,0.0
32.266133066533264,1.2467993540105962,0.0
32.29114557278639,1.1617149560848512,0.0
32.31615807903952,1.0766305581591062,0.0
32.341170585292645,0.9842722899192738,0.0
32.36618309154577,0.8259793981791076,0.0
32.3911955977989,0.6676865064389412,0.0
32.416208104052025,0.509393614698775,0.0
32.44122061030515,0.3511007229586087,0.0
32.46623311655828,0.19280783121844236,0.0
32.491245622811405,0.03451493947827611,0.0
32.51625812906453,0.05618816033887923,0.0
32.54127063531766,0.12804414291954863,0.0
32.566283141570786,0.19990012550021805,0.0
32.59129564782391,0.27175610808088746,0.0
32.61630815407704,0.3436120906615569,0.0
32.641320660330166,0.4154680732422263,0.0
32.66633316658329,0.48732405582289573,0.0
32.69134567283642,0.5591800384035651,0.0
32.71635817908954,0.6310360209842141,0.0
32.741370685342666,0.7028920035648836,0.0
32.76638319159579,0.774747986145553,0.0
32.79139569784892,0.8466039687262223,0.0
32.816408204102046,0.9184599513068917,0.0
32.84142071035517,0.9903159338875612,0.0
32.8664332166083,1.1166297499017361,0.0
32.89144572286143,1.251426065559938,0.0
32.91645822911455,1.38622238121814,0.0
32.94147073536768,1.521018696876342,0.0
32.96648324162081,1.6558150125345437,0.0
32.991495747873934,1.7906113281927456,0.0
33.01650825412706,1.9254076438509475,0.0
33.04152076038019,1.9487458248194245,0.0
33.066533266633314,1.833988024289849,0.0
33.09154577288644,1.7192302237602735,0.0
33.11655827913957,1.6044724232306982,0.0
33.141570785392695,1.4897146227011224,0.0
33.16658329164582,1.3749568221715471,0.0
33.19159579789895,1.2601990216419716,0.0
33.216608304152075,1.145441221112396,0.0
33.2416208104052,1.0306834205828206,0.0
33.26663331665833,0.848983230537969,0.0
33.291645822911455,0.6428520367364787,0.0
33.31665832916458,0.43672084293498836,0.0
33.34167083541771,0.2305896491334981,0.0
33.366683341670836,0.024458455332007856,0.0
33.39169584792396,0.1404306451517064,0.0
33.41670835417709,0.2997673556306828,0.0
33.441720860430216,0.4591040661096592,0.0
33.46673336668334,0.6184407765886356,0.0
33.49174587293647,0.777777487067612,0.0
33.51675837918959,0.9371141975465431,0.0
33.541770885442716,0.6926499921497253,0.30735000785027466
33.56678339169584,0.1849083832931968,0.8150916167068032
33.59179589794897,0.9911750156797458,1.0
33.6168084042021,0.9315512500945433,1.0
33.64182091045522,0.8719274845093408,1.0
33.66683341670835,0.8123037189241383,1.0
33.69184592296148,0.7526799533389359,1.0
33.716858429214604,0.6930561877537333,1.0
33.74187093546773,0.6334324221685309,1.0
33.76688344172086,0.5738086565833285,1.0
33.791895947973984,0.5141848909981259,1.0
33.81690845422711,0.4545611254129235,1.0
33.84192096048024,0.39493735982772105,1.0
33.866933466733364,0.3353135942425185,1.0
33.89194597298649,0.27568982865731606,1.0
33.91695847923962,0.21606606307211362,1.0
33.941970985492745,0.15644229748691107,1.0
33.96698349174587,0.09681853190170864,1.0
33.991995997999,0.0371947663165062,1.0
34.017008504252125,0.08360400505166266,1.0
34.04202101050525,0.30585135275841374,1.0
34.06703351675838,0.5280987004651648,1.0
34.092046023011505,0.750346048171916,1.0
34.11705852926463,0.972593395878667,1.0
34.14207103551776,0.700247125032353,0.700247125032353
34.167083541770886,0.35833054124644115,0.35833054124644115
34.19209604802401,0.016413957460529316,0.016413957460529316
34.21710855427714,0.9308814904444536,0.06911850955554642
34.242121060530266,0.8026943283785462,0.1973056716214538
34.26713356678339,0.6745071663126389,0.32549283368736115
34.29214607303651,0.5463200042467679,0.45367999575323215
34.31715857928964,0.41813284218086055,0.5818671578191394
34.342171085542766,0.28994568011495314,0.7100543198850469
34.36718359179589,0.16175851804904573,0.8382414819509543
34.39219609804902,0.03357135598313843,0.9664286440168616
34.41720860430215,0.12402049788428082,1.0
34.44222111055527,0.29204565477909783,1.0
34.4672336168084,0.4600708116739149,1.0
34.49224612306153,0.6280959685687318,1.0
34.517258629314654,0.7961211254635489,1.0
34.54227113556778,0.964146282358366,1.0
34.56728364182091,0.9390254873141928,1.0
34.592296148074034,0.8615106163367169,1.0
34.61730865432716,0.783995745359241,1.0
34.64232116058029,0.7064808743817651,1.0
34.667333666833414,0.6289660034042892,1.0
34.69234617308654,0.5514511324268133,1.0
34.71735867933967,0.4739362614493374,1.0
34.742371185592795,0.39642139047186153,1.0
34.76738369184592,0.31890651949438564,1.0
34.79239619809905,0.24139164851690975,1.0
34.817408704352175,0.16387677753943386,1.0
34.8424212106053,0.08636190656195797,1.0
34.86743371685843,0.008847035584482077,1.0
34.892446223111556,0.08999243062682029,1.0
34.91745872936468,0.19157931783630364,1.0
34.94247123561781,0.29316620504578694,1.0
34.967483741870936,0.3947530922552703,1.0
34.99249624812406,0.49633997946475367,1.0
35.01750875437719,0.597926866674237,1.0
35.042521260630316,0.6995137538837203,1.0
35.06753376688344,0.8011006410932037,1.0
35.09254627313656,0.9026875283026582,1.0
35.11755877938969,0.9892354362816433,0.9892354362816433
35.142571285642816,0.7334019738562464,0.7334019738562464
35.16758379189594,0.47756851143084944,0.47756851143084944
35.19259629814907,0.2217350490054525,0.2217350490054525
35.2176088044022,0.0678319006838243,0.0
35.24262131065532,0.5767608587886054,0.0
35.26763381690845,1.1416224059364182,0.0
35.29264632316158,1.982746195326573,0.0
35.317658829414704,0.950968675446244,1.0
35.34267133566783,0.8960827235409008,1.0
35.36768384192096,0.8411967716355577,1.0
35.392696348174084,0.7863108197302147,1.0
35.41770885442721,0.7314248678248716,1.0
35.44272136068034,0.6765389159195285,1.0
35.467733866933465,0.6216529640141853,1.0
35.49274637318659,0.5667670121088422,1.0
35.51775887943972,0.5118810602034991,1.0
35.542771385692845,0.45699510829815604,1.0
35.56778389194597,0.40210915639281297,1.0
35.5927963981991,0.3472232044874698,1.0
35.617808904452225,0.2923372525821267,1.0
35.64282141070535,0.23745130067678366,1.0
35.66783391695848,0.1825653487714406,1.0
35.692846423211606,0.12767939686609742,1.0
35.71785892946473,0.07279344496075435,1.0
35.74287143571786,0.017907493055411283,1.0
35.767883941970986,0.08070995010605538,0.9192900498939446
35.79289644822411,0.20050516541724622,0.7994948345827537
35.81790895447724,0.32030038072843703,0.679699619271563
35.842921460730366,0.4400955960396279,0.5599044039603721
35.867933966983486,0.5598908113507847,0.44010918864921533
35.89294647323661,0.6796860266619755,0.32031397333802447
35.91795897948974,0.7994812419731663,0.20051875802683372
35.942971485742866,0.9192764572843571,0.08072354271564286
35.96798399199599,1.0630514186786717,0.0
35.99299649824912,1.2563694359152358,0.0
36.01800900450225,1.4496874531517996,0.0
36.04302151075537,1.6430054703883634,0.0
36.0680340170085,1.8363234876249273,0.0
36.09304652326163,1.9244688623934703,0.0
36.118059029514754,1.4318646633169925,0.0
36.14307153576788,1.0237227626666232,0.0
36.16808404202101,1.2161169315905818,0.0
36.193096548274134,1.4085111005145405,0.0
36.21810905452726,1.600905269438499,0.0
36.24312156078039,1.7932994383624576,0.0
36.268134067033515,1.9856936072864164,0.0
36.29314657328664,1.8094211816748458,0.0
36.31815907953977,1.6035325230233708,0.0
36.343171585792895,1.3976438643718958,0.0
36.36818409204602,1.1917552057204208,0.0
36.39319659829915,0.9846219546363992,0.015378045363600771
36.418209104552275,0.7606027324379396,0.23939726756206042
36.4432216108054,0.5365835102394799,0.4634164897605201
36.46823411705853,0.3125642880410203,0.6874357119589797
36.493246623311656,0.08854506584256061,0.9114549341574394
36.51825912956478,0.5553926201345206,1.0
36.54327163581791,0.9507038357477553,1.0492961642522447
36.568284142071036,0.8551475037467342,1.1448524962532658
36.59329664832416,0.759591171745713,1.2404088282542869
36.61830915457729,0.6640348397446918,1.3359651602553082
36.643321660830416,0.5684785077436707,1.4315214922563293
36.668334167083536,0.4729221757426767,1.5270778242573233
36.69334667333666,0.3773658437416555,1.6226341562583446
36.71835917958979,0.2818095117406344,1.7181904882593657
36.74337168584292,0.1862531797396132,1.8137468202603868
36.76838419209604,0.0906968477385921,1.909303152261408
36.79339669834917,0.004781576262127088,1.995218423737873
36.8184092046023,0.09880593442799175,1.9011940655720083
36.843421710855424,0.19283029259385642,1.8071697074061435
36.86843421710855,0.2868546507597211,1.7131453492402788
36.89344672336168,0.38087900892558574,1.6191209910744142
36.918459229614804,0.4749033670914504,1.5250966329085496
36.94347173586793,0.568927725257315,1.431072274742685
36.96848424212106,0.6629520834231798,1.3370479165768203
36.993496748374184,0.7569764415890444,1.2430235584109557
37.01850925462731,0.851000799754909,1.148999200245091
37.04352176088044,0.9450251579207737,1.0549748420792264
37.068534267133565,1.0747939311816428,0.9252060688183572
37.09354677338669,1.254884546349653,0.745115453650347
37.11855927963982,1.4349751615176631,0.5650248384823369
37.143571785892945,1.6150657766856733,0.3849342233143267
37.16858429214607,1.7951563918536835,0.20484360814631652
37.1935967983992,1.9752470070216936,0.024752992978306354
37.218609304652325,2.123081900310138,0.0
37.24362181090545,2.2657768561774985,0.0
37.26863431715858,2.4084718120448585,0.0
37.293646823411706,2.551166767912219,0.0
37.31865932966483,2.693861723779579,0.0
37.34367183591796,2.8365566796469395,0.0
37.368684342171086,2.9792516355142995,0.0
37.39369684842421,2.0454194212337975,0.9545805787662026
37.41870935467734,1.6021530477445423,1.3978469522554577
37.44372186093046,1.1874431091151139,1.8125568908848861
37.468734367183586,0.9765271858512137,2.0
37.49374687343671,0.933694673355202,2.0
37.51875937968984,0.8908621608591902,2.0
37.54377188594297,0.8480296483631784,2.0
37.56878439219609,0.8051971358671666,2.0
37.59379689844922,0.7623646233711548,2.0
37.61880940470235,0.7195321108751431,2.0
37.643821910955474,0.6766995983791313,2.0
37.6688344172086,0.6338670858831196,2.0
37.69384692346173,0.5910345733871079,2.0
37.718859429714854,0.548202060891096,2.0
37.74387193596798,0.5053695483950842,2.0
37.76888444222111,0.46253703589907247,2.0
37.793896948474234,0.41970452340306075,2.0
37.81890945472736,0.3768720109070489,2.0
37.84392196098049,0.3340394984110372,2.0
37.868934467233615,0.29120698591502536,2.0
37.89394697348674,0.24837447341901364,2.0
37.91895947973987,0.20554196092300192,2.0
37.943971985992995,0.1627094484269901,2.0
37.96898449224612,0.11987693593097837,2.0
37.99399699849925,0.07704442343496654,2.0
38.019009504752376,0.034211910938954815,2.0
38.0440220110055,0.2248099724963995,1.7751900275036006
38.06903451725863,1.1269031256841746,0.8730968743158254
38.094047023511756,1.541613064313721,0.4583869356862791
38.11905952976488,1.9563230029432672,0.04367699705673278
38.14407203601801,2.122358170529664,0.0
38.169084542271136,2.259120014844833,0.0
38.19409704852426,2.395881859160003,0.0
38.21910955477739,2.532643703475172,0.0
38.24412206103051,2.6694055477903027,0.0
38.269134567283636,2.806167392105472,0.0
38.29414707353676,2.9429292364206416,0.0
38.31915957978989,2.88893701979111,0.11106298020889006
38.34417208604302,2.6983362917264273,0.3016637082735727
38.36918459229614,2.5077355636617447,0.49226443633825534
38.39419709854927,2.317134835597062,0.682865164402938
38.4192096048024,2.1265341075323794,0.8734658924676205
38.444222111055524,2.19320514163865,1.0
38.46923461730865,2.7679980736866137,1.0
38.49424712356178,1.9681615146694744,1.0
38.519259629814904,1.9057337507918235,1.0
38.54427213606803,1.8433059869141726,1.0
38.56928464232116,1.7808782230365217,1.0
38.594297148574285,1.7184504591588707,1.0
38.61930965482741,1.6560226952812198,1.0
38.64432216108054,1.5935949314035687,1.0
38.669334667333665,1.5311671675259177,1.0
38.69434717358679,1.4687394036482668,1.0
38.71935967983992,1.406311639770616,1.0
38.744372186093045,1.343883875892965,1.0
38.76938469234617,1.281456112015314,1.0
38.7943971985993,1.2190283481376631,1.0
38.819409704852426,1.156600584260012,1.0
38.84442221110555,1.094172820382361,1.0
38.86943471735868,1.0317450565047102,1.0
38.894447223611806,0.8620229871086564,0.8620229871086564
38.91945972986493,0.5812916853813265,0.5812916853813265
38.94447223611806,0.3005603836539965,0.3005603836539965
38.969484742371186,0.019829081926666547,0.019829081926666547
38.99449724862431,0.24498358353390207,0.0
39.01950975487743,0.5085864013245079,0.0
39.04452226113056,0.7721892191151887,0.0
39.069534767383686,0.9963033639151413,0.0
39.09454727363681,0.9690782107091871,0.0
39.11955977988994,0.9418530575032328,0.0
39.14457228614307,0.9146279042972786,0.0
39.16958479239619,0.8874027510913243,0.0
39.19459729864932,0.8601775978853701,0.0
39.21960980490245,0.8329524446794158,0.0
39.244622311155574,0.8057272914734616,0.0
39.2696348174087,0.7785021382675072,0.0
39.29464732366183,0.751276985061553,0.0
39.319659829914954,0.7240518318555988,0.0
39.34467233616808,0.6968266786496445,0.0
39.36968484242121,0.6696015254436902,0.0
39.394697348674335,0.642376372237736,0.0
39.41970985492746,0.6151512190317818,0.0
39.44472236118059,0.5879260658258275,0.0
39.469734867433715,0.5607009126198732,0.0
39.49474737368684,0.533475759413919,0.0
39.51975987993997,0.5062506062079648,0.0
39.544772386193095,0.4790254530020105,0.0
39.56978489244622,0.4518002997960562,0.0
39.59479739869935,0.424575146590102,0.0
39.619809904952476,0.39734999338414767,0.0
39.6448224112056,0.37012484017819347,0.0
39.66983491745873,0.34289968697223916,0.0
39.694847423711856,0.31567453376628496,0.0
39.71985992996498,0.28844938056033076,0.0
39.74487243621811,0.26122422735437645,0.0
39.769884942471236,0.23399907414842225,0.0
39.79489744872436,0.20677392094246794,0.0
39.81990995497748,0.1795487677365214,0.0
39.84492246123061,0.1523236145305672,0.0
39.869934967483736,0.1250984613246129,0.0
39.89494747373686,0.09787330811865869,0.0
39.91995997998999,0.07064815491270438,0.0
39.94497248624312,0.043423001706750175,0.0
39.969984992496244,0.016197848500795864,0.0
39.99499749874937,0.9920524020780697,0.0
40.0200100050025,0.9545336426983794,0.0
40.045022511255624,0.917014883318689,0.0
40.07003501750875,0.8794961239389987,0.0
40.09504752376188,0.8419773645593084,0.0
40.120060030015004,0.8044586051796181,0.0
40.14507253626813,0.7669398457999277,0.0
40.17008504252126,0.7294210864202375,0.0
40.195097548774385,0.6919023270405471,0.0
40.22011005502751,0.6543835676608568,0.0
40.24512256128064,0.6168648082811665,0.0
40.270135067533765,0.5793460489014761,0.0
40.29514757378689,0.5418272895217859,0.0
40.32016008004002,0.5043085301420955,0.0
40.345172586293145,0.46678977076240524,0.0
40.37018509254627,0.42927101138271495,0.0
40.3951975987994,0.39175225200302466,0.0
40.420210105052526,0.35423349262333426,0.0
40.44522261130565,0.31671473324364396,0.0
40.47023511755878,0.2791959738639537,0.0
40.495247623811906,0.24167721448426338,0.0
40.52026013006503,0.2041584551045731,0.0
40.54527263631816,0.16663969572488269,0.0
40.57028514257129,0.1291209363451924,0.0
40.595297648824406,0.09160217696551276,0.0
40.62031015507753,0.05408341758582247,0.0
40.64532266133066,0.016564658206132177,0.0
40.67033516758379,0.8898769886978107,0.0
40.69534767383691,0.003429444101845135,1.0
40.72036018009004,0.06512572199085104,1.0
40.74537268634317,0.12682199987985696,1.0
40.770385192596294,0.18851827776886285,1.0
40.79539769884942,0.25021455565786876,1.0
40.82041020510255,0.31191083354687466,1.0
40.845422711355674,0.3736071114358806,1.0
40.8704352176088,0.4353033893248865,1.0
40.89544772386193,0.4969996672138924,1.0
40.920460230115054,0.5586959451028983,1.0
40.94547273636818,0.6203922229919042,1.0
40.97048524262131,0.6820885008809101,1.0
40.995497748874435,0.743784778769916,1.0
41.02051025512756,0.8054810566589219,1.0
41.04552276138069,0.8671773345479278,1.0
41.070535267633815,0.9288736124369338,1.0
41.09554777388694,0.9905698903259397,1.0
41.12056028014007,0.9114746011110753,0.9114746011110753
41.145572786393195,0.8069770303761228,0.8069770303761228
41.17058529264632,0.7024794596411703,0.7024794596411703
41.19559779889945,0.5979818889062178,0.5979818889062178
41.220610305152576,0.49348431817126537,0.49348431817126537
41.2456228114057,0.3889867474363129,0.3889867474363129
41.27063531765883,0.2844891767013604,0.2844891767013604
41.295647823911956,0.17999160596640795,0.17999160596640795
41.32066033016508,0.07549403523145548,0.07549403523145548
41.34567283641821,0.2022868614547746,0.0
41.37068534267134,0.9311113046359594,0.0
41.395697848924456,0.9213625540590209,0.0
41.42071035517758,0.8345163831390255,0.0
41.44572286143071,0.7476702122190302,0.0
41.47073536768384,0.6608240412990349,0.0
41.49574787393696,0.5739778703790397,0.0
41.52076038019009,0.48713169945904433,0.0
41.54577288644322,0.400285528539049,0.0
41.570785392696344,0.3134393576190537,0.0
41.59579789894947,0.22659318669905837,0.0
41.6208104052026,0.13974701577906312,0.0
41.645822911455724,0.052900844859067764,0.0
41.67083541770885,0.15420886286860847,0.0
41.69584792396198,0.5487388561297594,0.0
41.720860430215104,0.9432688493909103,0.0
41.74587293646823,0.9167757085637152,0.0
41.77088544272136,0.8195744307803522,0.0
41.795897948974485,0.7223731529969892,0.0
41.82091045522761,0.6251718752136262,0.0
41.84592296148074,0.5279705974302632,0.0
41.870935467733865,0.43076931964690024,0.0
41.89594797398699,0.3335680418635373,0.0
41.92096048024012,0.23636676408017432,0.0
41.945972986493246,0.13916548629681125,0.0
41.97098549274637,0.04196420851344829,0.0
41.9959979989995,0.05592351589035801,0.0
42.021010505252626,0.15433274133493968,0.0
42.04602301150575,0.2527419667795213,0.0
42.07103551775888,0.351151192224103,0.0
42.096048024012006,0.4495604176686847,0.0
42.12106053026513,0.5479696431132663,0.0
42.14607303651826,0.646378868557848,0.0
42.17108554277138,0.7447880940024018,0.0
42.196098049024506,0.8431973194469834,0.0
42.22111055527763,0.941606544891565,0.0
42.24612306153076,1.658125373965584,0.0
42.27113556778389,1.59969333665885,0.0
42.29614807403701,1.092186496534611,0.0
42.32116058029014,0.9534071345274895,0.0
42.34617308654327,0.8964722930412462,0.0
42.371185592796394,0.8395374515550029,0.0
42.39619809904952,0.7826026100687596,0.0
42.42121060530265,0.7256677685825164,0.0
42.446223111555774,0.6687329270962731,0.0
42.4712356178089,0.6117980856100298,0.0
42.49624812406203,0.5548632441237864,0.0
42.521260630315155,0.49792840263754323,0.0
42.54627313656828,0.44099356115129995,0.0
42.57128564282141,0.38405871966505667,0.0
42.596298149074535,0.3271238781788134,0.0
42.62131065532766,0.2701890366925701,0.0
42.64632316158079,0.21325419520632682,0.0
42.671335667833915,0.15631935372008354,0.0
42.69634817408704,0.09938451223384015,0.0
42.72136068034017,0.04244967074759687,0.0
42.746373186593296,0.018196278833469234,0.0
42.77138569284642,0.08971785560432514,0.0
42.79639819909955,0.16123943237518107,0.0
42.821410705352676,0.23276100914603698,0.0
42.8464232116058,0.3042825859168929,0.0
42.87143571785893,0.3758041626877488,0.0
42.896448224112056,0.4473257394586047,0.0
42.92146073036518,0.5188473162294607,0.0
42.94647323661831,0.5903688930003166,0.0
42.97148574287143,0.6618904697711522,0.0
42.996498249124556,0.7334120465420081,0.0
43.02151075537768,0.804933623312864,0.0
43.04652326163081,0.8764552000837199,0.0
43.07153576788394,0.9479767768545758,0.0
43.096548274137064,1.1150213478229176,0.0
43.12156078039019,1.5369291825374478,0.0
43.14657328664332,1.958837017251978,0.0
43.171585792896444,1.905203670325001,0.09479632967499896
43.19659829914957,1.8001587459209234,0.19984125407907655
43.2216108054027,1.6951138215168458,0.30488617848315414
43.246623311655824,1.5900688971127683,0.4099311028872317
43.27163581790895,1.4850239727086907,0.5149760272913093
43.29664832416208,1.3799790483046133,0.6200209516953868
43.321660830415205,1.2749341239005356,0.7250658760994645
43.34667333666833,1.169889199496458,0.830110800503542
43.37168584292146,1.0648442750923803,0.9351557249076196
43.396698349174585,0.9601305720073746,1.0
43.42171085542771,0.8559511340822128,1.0
43.44672336168084,0.751771696157051,1.0
43.471735867933965,0.6475922582318892,1.0
43.49674837418709,0.5434128203067274,1.0
43.52176088044022,0.4392333823815655,1.0
43.546773386693346,0.3350539444564038,1.0
43.57178589294647,0.23087450653124197,1.0
43.5967983991996,0.12669506860608015,1.0
43.621810905452726,0.02251563068091833,1.0
43.64682341170585,1.0352637378065934,0.9647362621934066
43.67183591795898,1.1781686326400642,0.8218313673599358
43.69684842421211,1.321073527473535,0.678926472526465
43.72186093046523,1.4639784223070058,0.5360215776929942
43.74687343671835,1.606883317140436,0.3931166828595639
43.77188594297148,1.749788211973907,0.2502117880260931
43.79689844922461,1.8926931068073776,0.10730689319262232
43.82191095547773,2.059160177927742,0.0
43.84692346173086,2.2966532566232662,0.0
43.87193596798399,2.5341463353187903,0.0
43.896948474237114,2.7716394140143144,0.0
43.92196098049024,2.816663631164654,0.0
43.94697348674337,1.6103870589999585,0.0
43.971985992996494,1.140242957296855,0.0
43.99699849924962,0.9835943085007219,0.0
44.02201100550275,0.9602144590411872,0.0
44.047023511755874,0.9368346095816524,0.0
44.072036018009,0.9134547601221178,0.0
44.09704852426213,0.890074910662583,0.0
44.122061030515255,0.8666950612030483,0.0
44.14707353676838,0.8433152117435135,0.0
44.17208604302151,0.8199353622839788,0.0
44.197098549274635,0.7965555128244441,0.0
44.22211105552776,0.7731756633649094,0.0
44.24712356178089,0.7497958139053746,0.0
44.272136068034015,0.7264159644458399,0.0
44.29714857428714,0.7030361149863051,0.0
44.32216108054027,0.6796562655267704,0.0
44.347173586793396,0.6562764160672356,0.0
44.37218609304652,0.6328965666077009,0.0
44.39719859929965,0.6095167171481661,0.0
44.422211105552776,0.5861368676886315,0.0
44.4472236118059,0.5627570182290967,0.0
44.47223611805903,0.539377168769562,0.0
44.49724862431216,0.5159973193100272,0.0
44.52226113056528,0.4926174698504925,0.0
44.5472736368184,0.4692376203909644,0.0
44.57228614307153,0.44585777093142975,0.0
44.59729864932466,0.422477921471895,0.0
44.62231115557778,0.39909807201236025,0.0
44.64732366183091,0.3757182225528255,0.0
44.67233616808404,0.35233837309329075,0.0
44.697348674337164,0.328958523633756,0.0
44.72236118059029,0.30557867417422124,0.0
44.74737368684342,0.2821988247146866,0.0
44.772386193096544,0.25881897525515185,0.0
44.79739869934967,0.2354391257956171,0.0
44.8224112056028,0.21205927633608235,0.0
44.847423711855924,0.1886794268765476,0.0
44.87243621810905,0.16529957741701284,0.0
44.89744872436218,0.1419197279574781,0.0
44.922461230615305,0.11853987849794345,0.0
44.94747373686843,0.0951600290384087,0.0
44.97248624312156,0.07178017957887395,0.0
44.997498749374685,0.0484003301193392,0.0
45.02251125562781,0.025020480659804445,0.0
45.04752376188094,0.0016406312002696932,0.0
45.072536268134066,0.14299648327976594,0.0
45.09754877438719,0.29678472959349694,0.0
45.12256128064032,0.450572975907228,0.0
45.147573786893446,0.604361222220959,0.0
45.17258629314657,0.75814946853469,0.0
45.1975987993997,0.911937714848421,0.0
45.222611305652826,0.9914918369774139,0.0
45.24762381190595,0.9715840950827497,0.0
45.27263631815908,0.9516763531880854,0.0
45.29764882441221,0.9317686112934211,0.0
45.322661330665326,0.9118608693987625,0.0
45.34767383691845,0.8919531275040984,0.0
45.37268634317158,0.8720453856094341,0.0
45.39769884942471,0.8521376437147699,0.0
45.42271135567783,0.8322299018201056,0.0
45.44772386193096,0.8123221599254413,0.0
45.47273636818409,0.7924144180307771,0.0
45.497748874437214,0.7725066761361128,0.0
45.52276138069034,0.7525989342414486,0.0
45.54777388694347,0.7326911923467844,0.0
45.572786393196594,0.7127834504521201,0.0
45.59779889944972,0.6928757085574558,0.0
45.62281140570285,0.6729679666627917,0.0
45.647823911955975,0.6530602247681274,0.0
45.6728364182091,0.6331524828734632,0.0
45.69784892446223,0.6132447409787989,0.0
45.722861430715355,0.5933369990841346,0.0
45.74787393696848,0.5734292571894704,0.0
45.77288644322161,0.5535215152948061,0.0
45.797898949474735,0.5336137734001418,0.0
45.82291145572786,0.5137060315054776,0.0
45.84792396198099,0.4937982896108134,0.0
45.872936468234116,0.47389054771614914,0.0
45.89794897448724,0.45398280582148487,0.0
45.92296148074037,0.4340750639268206,0.0
45.947973986993496,0.41416732203215645,0.0
45.97298649324662,0.3942595801374922,0.0
45.99799899949975,0.3743518382428279,0.0
46.023011505752876,0.35444409634816365,0.0
46.048024012006,0.3345363544534994,0.0
46.07303651825913,0.3146286125588351,0.0
46.09804902451226,0.29472087066417096,0.0
46.123061530765376,0.27481312876951236,0.0
46.1480740370185,0.2549053868748481,0.0
46.17308654327163,0.23499764498018383,0.0
46.19809904952476,0.21508990308551956,0.0
46.22311155577788,0.1951821611908553,0.0
46.24812406203101,0.17527441929619114,0.0
46.27313656828414,0.15536667740152688,0.0
46.298149074537264,0.1354589355068626,0.0
46.32316158079039,0.11555119361219834,0.0
46.34817408704352,0.09564345171753408,0.0
46.373186593296644,0.07573570982286981,0.0
46.39819909954977,0.05582796792820566,0.0
46.4232116058029,0.03592022603354139,0.0
46.448224112056025,0.016012484138877126,0.0
46.47323661830915,0.06738184317100732,0.0
46.49824912456228,0.4117545204969757,0.0
46.523261630815405,0.756127197822944,0.0
46.54827413706853,0.989050726490035,0.0
46.57328664332166,0.9515319671103446,0.0
46.598299149574785,0.9140132077306543,0.0
46.62331165582791,0.876494448350964,0.0
46.64832416208104,0.8389756889712737,0.0
46.673336668334166,0.8014569295915834,0.0
46.69834917458729,0.763938170211893,0.0
46.72336168084042,0.7264194108322027,0.0
46.748374187093546,0.6889006514525124,0.0
46.77338669334667,0.6513818920728222,0.0
46.7983991995998,0.6138631326931319,0.0
46.823411705852926,0.5763443733134415,0.0
46.84842421210605,0.5388256139337512,0.0
46.87343671835918,0.5013068545540609,0.0
46.8984492246123,0.46378809517438124,0.0
46.92346173086543,0.42626933579469095,0.0
46.94847423711855,0.38875057641500055,0.0
46.97348674337168,0.35123181703531026,0.0
46.99849924962481,0.31371305765561996,0.0
47.023511755877934,0.2761942982759297,0.0
47.04852426213106,0.23867553889623938,0.0
47.07353676838419,0.20115677951654898,0.0
47.098549274637314,0.1636380201368587,0.0
47.12356178089044,0.1261192607571684,0.0
47.14857428714357,0.0886005013774781,0.0
47.173586793396694,0.05108174199778781,0.0
47.19859929964982,0.013562982618097408,0.0
47.22361180590295,0.45103697066198845,0.0
47.248624312156075,0.9862042996114236,0.013795700388576332
47.2736368184092,0.924304549631602,0.07569545036839793
47.29864932466233,0.8624047996517805,0.13759520034821954
47.323661830915455,0.8005050496719589,0.19949495032804113
47.34867433716858,0.7386052996921373,0.2613947003078627
47.37368684342171,0.6767055497123157,0.32329445028768433
47.398699349674835,0.614805799732494,0.38519420026750595
47.42371185592796,0.5529060497526725,0.4470939502473275
47.44872436218109,0.49100629977285093,0.5089937002271491
47.473736868434216,0.4291065497930293,0.5708934502069707
47.49874937468734,0.3672067998132077,0.6327932001867923
47.52376188094047,0.3053070498333861,0.6946929501666139
47.548774387193596,0.24340729985356446,0.7565927001464355
47.57378689344672,0.18150754987374285,0.8184924501262572
47.59879939969985,0.11960779989392123,0.8803922001060788
47.62381190595298,0.057708049914099724,0.9422919500859003
47.6488244122061,0.03414718425613188,1.0
47.67383691845923,0.538406108995158,1.0
47.69884942471235,1.05731356194865,1.0
47.72386193096548,1.7347037475828146,1.0
47.7488744372186,2.911531987951706,1.0
47.77388694347173,2.6111845782920917,1.0
47.79889944972486,2.310837168632478,1.0
47.823911955977984,2.010489758972864,1.0
47.84892446223111,1.715781393358092,1.0
47.87393696848424,1.4212771010625085,1.0
47.898949474737364,1.1267728087669249,1.0
47.92396198099049,1.339854493675815,1.0
47.94897448724362,1.9365737561413416,1.0
47.973986993496744,1.7150767188584939,1.0
47.99899949974987,1.3962666008746472,1.0
48.024012006003,1.0774564828908006,1.0
48.049024512256125,0.9589572989206123,0.9589572989206123
48.07403701850925,0.9047429575105446,0.9047429575105446
48.09904952476238,0.8505286161004767,0.8505286161004767
48.124062031015505,0.7963142746904088,0.7963142746904088
48.14907453726863,0.742099933280341,0.742099933280341
48.17408704352176,0.6878855918702731,0.6878855918702731
48.199099549774886,0.6336712504602053,0.6336712504602053
48.22411205602801,0.5794569090501375,0.5794569090501375
48.24912456228114,0.5252425676400696,0.5252425676400696
48.274137068534266,0.47102822623000173,0.47102822623000173
48.29914957478739,0.41681388481993387,0.41681388481993387
48.32416208104052,0.3625995434098661,0.3625995434098661
48.349174587293646,0.30838520199979824,0.30838520199979824
48.37418709354677,0.2541708605897304,0.2541708605897304
48.3991995997999,0.1999565191796625,0.1999565191796625
48.42421210605303,0.14574217776959464,0.14574217776959464
48.44922461230615,0.09152783635952688,0.09152783635952688
48.47423711855927,0.037313494949474446,0.037313494949474446
48.4992496248124,0.04482086000613653,0.0
48.52426213106553,0.18859670060271483,0.0
48.54927463731865,0.3323725411992931,0.0
48.57428714357178,0.4761483817958714,0.0
48.59929964982491,0.6199242223924497,0.0
48.624312156078034,0.7637000629890279,0.0
48.64932466233116,0.9074759035856063,0.0
48.67433716858429,1.0169562267439711,0.0
48.699349674837414,1.0645233055304932,0.0
48.72436218109054,1.1120903843170151,0.0
48.74937468734367,1.1596574631035372,0.0
48.774387193596795,1.2072245418900591,0.0
48.79939969984992,1.2547916206765812,0.0
48.82441220610305,1.3023586994631031,0.0
48.849424712356175,1.3499257782496252,0.0
48.8744372186093,1.3974928570361471,0.0
48.89944972486243,1.4450599358226692,0.0
48.924462231115555,1.4926270146091911,0.0
48.94947473736868,1.540194093395713,0.0
48.97448724362181,1.5877611721822351,0.0
48.999499749874936,1.6353282509687572,0.0
49.02451225612806,1.6828953297552791,0.0
49.04952476238119,1.730462408541801,0.0
49.074537268634316,1.778029487328323,0.0
49.09954977488744,1.8255965661148452,0.0
49.12456228114057,1.8731636449013669,0.0
49.149574787393696,1.920730723687889,0.0
49.17458729364682,1.968297802474411,0.0
49.19959979989995,1.49426409286048,0.5057359071395201
49.22461230615308,0.8615981170494705,1.1384018829505296
49.2496248124062,0.6562659640209039,1.3437340359790961
49.27463731865932,0.4509338109923954,1.5490661890076045
49.29964982491245,0.2456016579638287,1.7543983420361713
49.32466233116558,0.040269504935261935,1.959730495064738
49.3496748374187,0.03805590928425899,1.961944090715741
49.37468734367183,0.08539612755326223,1.9146038724467378
49.39969984992496,0.13273634582226548,1.8672636541777345
49.424712356178084,0.1800765640912687,1.8199234359087313
49.44972486243121,0.22741678236027196,1.772583217639728
49.47473736868434,0.2747570006292752,1.7252429993707248
49.499749874937464,0.3220972188982784,1.6779027811017215
49.52476238119059,0.36943743716728167,1.6305625628327183
49.54977488744372,0.4167776554362849,1.583222344563715
49.574787393696845,0.4641178737052882,1.5358821262947118
49.59979989994997,0.5114580919742914,1.4885419080257085
49.6248124062031,0.5587983102432946,1.4412016897567055
49.649824912456225,0.6061385285122979,1.393861471487702
49.67483741870935,0.6534787467813011,1.346521253218699
49.69984992496248,0.7008189650503044,1.2991810349496955
49.724862431215605,0.7481591833193076,1.2518408166806925
49.74987493746873,0.7954994015883109,1.204500598411689
49.77488744372186,0.842839619857314,1.157160380142686
49.799899949974986,0.8901798381263173,1.1098201618736827
49.82491245622811,0.9375200563953205,1.0624799436046795
49.84992496248124,0.9848602746643238,1.0151397253356762
49.874937468734366,2.1609430533008194,0.0
49.89994997498749,3.0,0.0
49.92496248124062,3.0,0.0
49.949974987493746,3.0,0.0
49.97498749374687,3.0,0.0
50.0,3.0,0.0
